f7dd08f295b388e0b6c7a46ddc6afc8e45f14835,eyp-systemd/manifests/init.pp_(IaC)_,eyp-systemd/manifests/params.pp_(IaC)_,eyp-systemd/manifests/service.pp_(IaC)_,eyp-systemd/metadata.json_(Other)_,eyp-systemd/spec/classes/init_spec.rb_(Other)_,eyp-systemd/spec/spec_helper.rb_(Other)_,eyp-systemd/templates/service.erb_(Other)_,eyp-systemd/tests/init.pp_(Other)_
67322fc20cb9dbacd36c56b46bdfc43c7d758682,eyp-systemd/metadata.json_(Other)_
429875e381d400164d599bfa256d6010a56532dd
5fe62d440f112f521b2206a267681161eb359e9d
871dcc8a6457f580b2ecc6bfdbdf962a562f4bda
6c540317e03e96c90bc3bdd16e134bd04e0612e0,eyp-systemd/metadata.json_(Other)_
257c970152ab5a4f1f721926ff78fb5209a31139,eyp-systemd/manifests/params.pp_(IaC)_,eyp-systemd/manifests/service.pp_(IaC)_,eyp-systemd/metadata.json_(Other)_
a58da9f8e9dc3b0ae242b09526b3b1fde2d51901,eyp-systemd/manifests/service.pp_(IaC)_,eyp-systemd/metadata.json_(Other)_,eyp-systemd/templates/service.erb_(Other)_
eef695501a9c5f218ad6fe3239de8860469fbe3b
97ab33284887f11470d9ca8549e90740d999256b,eyp-systemd/templates/service.erb_(Other)_
d4cda356860ed0ae8e6e4c33df7ff11b5f79e235,eyp-systemd/manifests/init.pp_(IaC)_,eyp-systemd/manifests/service.pp_(IaC)_,eyp-systemd/metadata.json_(Other)_
3ee244561f0ea2adfb734eb0e8d27f6751d4dc46,eyp-systemd/manifests/service.pp_(IaC)_,eyp-systemd/metadata.json_(Other)_
72367ae979eb28fc1edf77164d400d87894c1a97,eyp-systemd/manifests/service.pp_(IaC)_
a48ff9ba6e59ec4803e98ff1dd85d5bd8252e006,eyp-systemd/metadata.json_(Other)_
4c6f3c9c43dc64d12e25a28081e4b1fc11830186,eyp-systemd/manifests/init.pp_(IaC)_,eyp-systemd/metadata.json_(Other)_
da354a4b1f95bb6c47969db48e6ad803bd7c979f,eyp-systemd/manifests/service.pp_(IaC)_,eyp-systemd/metadata.json_(Other)_,eyp-systemd/templates/service.erb_(Other)_
3e9089c68c6fca971cfc1065c160c0ece7a866f0,eyp-systemd/manifests/service.pp_(IaC)_
bc830f1d8c77742653916ebd9d7c0cce980c6a68,eyp-systemd/templates/service.erb_(Other)_
1b3ea71782e1348ac785bc1db8c7cfa6da6fa6cd
a09ed8e1a3aae77b54383c72bebbd745eb527cd1
25f79761fcb645e7f47ab3d964de0297f9595c61,eyp-systemd/.travis.yml_(Other)_
cca471b49208a6814cfafad5dbbdcff945078312
872ddc446363d176b846b241446b359da7602971
174c669e6192674cee594bbbf395c202aef4e4f0,eyp-systemd/metadata.json_(Other)_
2a0ae6de8584b1850d2fcb02ac33f17b31b1b373,eyp-systemd/manifests/init.pp_(IaC)_,eyp-systemd/metadata.json_(Other)_,eyp-systemd/templates/logind.erb_(Other)_
b4e1a7fc72202057bc696c6362e27823db054cc2,eyp-systemd/manifests/init.pp_(IaC)_
1fa48c827a6837823d66dc53cb6ffc54647f4091,eyp-systemd/.travis.yml_(Other)_
6a843311f32037f95ab2993adb900c91824fb449,eyp-systemd/manifests/init.pp_(IaC)_,eyp-systemd/metadata.json_(Other)_
d00e0212944de335501b91a39c2dc983b7213067
9d9c1a33f186e37ac790d851d45c771597f5cf21,eyp-systemd/manifests/service.pp_(IaC)_,eyp-systemd/metadata.json_(Other)_
991837aa9ee68c45745c0c520754449e477ab6f9
57dcfb7d93453e968fcdac79a16dc5fe9eeb2a7e
0286c77e878a4396e4647e395e703bbd08afafd1
a12814666b16a2cd3d162c2167a6f001369a0845,eyp-systemd/manifests/init.pp_(IaC)_
c6e83aa69ce8bf38b1d02355cb0db489ae526366
155e3b1cc711aea2d62375cd8b5b6f7891bd4171,eyp-systemd/manifests/params.pp_(IaC)_,eyp-systemd/metadata.json_(Other)_
0d728dcf27b62a9a1fa79a5411e2a3b62b99894b,eyp-systemd/manifests/service.pp_(IaC)_,eyp-systemd/metadata.json_(Other)_,eyp-systemd/templates/service.erb_(Other)_
edc10f00ca51f92a26f85fb9efb1ac6439a7be3b,eyp-systemd/manifests/sysvwrapper.pp_(IaC)_,eyp-systemd/metadata.json_(Other)_,eyp-systemd/templates/sysv/status.erb_(Other)_,eyp-systemd/templates/sysv/wrapper.erb_(Other)_
8d0c0fd9b5bcadf8920f87fbce4639c26567479f,eyp-systemd/manifests/sysvwrapper.pp_(IaC)_
ec05cefb374d61333525fc9213a5e0a921cc3e11,eyp-systemd/templates/sysv/wrapper.erb_(Other)_
b3c7bde3b2a58e5dff8af338bbfad75fe2a97248,eyp-systemd/manifests/sysvwrapper.pp_(IaC)_
f59d8412eabb639564a19708012c2f8515cceac1,eyp-systemd/lib/facter/eyp_systemd_available.rb_(Other)_
5ed640a3ade5e8555b45ff1b951cfca209d34a5d,eyp-systemd/manifests/sysvwrapper.pp_(IaC)_,eyp-systemd/metadata.json_(Other)_
5147f8a6adba09ee6cd40e08535bef5b4ad8ad6a
b6c84fc95998afb8f292d01c307269c8a56a26f3,eyp-systemd/metadata.json_(Other)_,eyp-systemd/templates/service.erb_(Other)_
6868b6b7ba12a8aede67ce6e406bfd810b6da370,eyp-systemd/metadata.json_(Other)_
dfef3bc74b61d9a03c80bf54c0ed6cbef53076b4
ba80bf958de5a54c9fff01f1d6c356a4faafd460,eyp-systemd/manifests/service.pp_(IaC)_,eyp-systemd/metadata.json_(Other)_
6f964f3a8380f723cb1cf2dc39766d280508cb73,eyp-systemd/manifests/service.pp_(IaC)_,eyp-systemd/metadata.json_(Other)_,eyp-systemd/templates/service.erb_(Other)_
46322956d98ed59d6429aab053f1ef16814cc424
599ebeed7d9f290c57f8d1bf818a6f90563d9e95,eyp-systemd/templates/service.erb_(Other)_
52170cfc8d5052f62e5abaa088ff4a5d05e99734
58942535022097dee51eba259cd8cc92dfd609fd,eyp-systemd/manifests/service.pp_(IaC)_,eyp-systemd/templates/service.erb_(Other)_
0e9e6e13b8d75297e6bfecf043db5f65a01d0405,eyp-systemd/manifests/service.pp_(IaC)_
be6bbf57c1ae543fc84ee14c50f5f61ed303d581,eyp-systemd/metadata.json_(Other)_
4b352b195b193a237e35e3d3f3b797a4f19dc6d2
776e11e0c11271e4a5bb7e2c8b0b29ff2b285eac
e02d4a045843198fa02a9cdad28f3a9c66e5b46b,eyp-systemd/manifests/service.pp_(IaC)_,eyp-systemd/metadata.json_(Other)_,eyp-systemd/templates/service.erb_(Other)_
a013a7123839c9f9f021650ffbdaeb6972b0660a,eyp-systemd/manifests/service.pp_(IaC)_,eyp-systemd/templates/service.erb_(Other)_
db1a9302766e4f1bbca95886c66ba4eefe34ffe2,eyp-systemd/manifests/service.pp_(IaC)_
6cb019c1a67d073cda61249e25bd31c069afd414
9c67e954d76865bc202de2b328c45ddf7b71437d
3be55cd99ae1beee05ccb3b6c4ef6b97f017ec07
4f03a3aa372ee7685e22555cd6ebdc21464478ed,eyp-systemd/manifests/service.pp_(IaC)_,eyp-systemd/templates/service.erb_(Other)_
f345505e4c29aaac8a1e81653233f88b9da6c30f,eyp-systemd/manifests/service.pp_(IaC)_,eyp-systemd/templates/service.erb_(Other)_
67bf46152c43327e52cb1ac190587983b62699b6,eyp-systemd/manifests/service.pp_(IaC)_,eyp-systemd/metadata.json_(Other)_,eyp-systemd/templates/service.erb_(Other)_
6054066233a16b837830c0e04dcf0dc596437418,eyp-systemd/templates/service.erb_(Other)_
194f94c4fda35e3b8fde8cc74904bf987a1c093e
32278a03ca264bb0b9e933594539690cbd4cb265,eyp-systemd/manifests/service.pp_(IaC)_,eyp-systemd/templates/service.erb_(Other)_
2f902833028f4a6b42e07984cb21861f8ca9936b,eyp-systemd/manifests/service.pp_(IaC)_,eyp-systemd/metadata.json_(Other)_,eyp-systemd/templates/service.erb_(Other)_
ace53986e4641e86a9971dd57e412317c8bb29d7,eyp-systemd/manifests/service.pp_(IaC)_
5a3e66d47323e6a832dd720fbfde1298109ec7c0
738cf22eac0e3bf3966d168122f65eb8146d2470
6349be1acabe06bab18ab6937e779e84fd12740e
1a23cea783d263a92c9211c4c5f0f3b40e64ed42,eyp-systemd/manifests/service.pp_(IaC)_,eyp-systemd/templates/service.erb_(Other)_
2f3e5dc30afd691ec44f2326395258c14f785217,eyp-systemd/manifests/service.pp_(IaC)_
219635e3e033b7247af5dc9993aacfc0c4e60dd4
9a18a77a74e3bd368bc05361834d459457495211,eyp-systemd/manifests/service.pp_(IaC)_,eyp-systemd/templates/service.erb_(Other)_
c0ebf9f93ca873df661ec85a8789c280038ee720,eyp-systemd/manifests/service.pp_(IaC)_,eyp-systemd/templates/service.erb_(Other)_
c52d36eb2b74eebac8bb9baa43bddb55c78f17a9
704cfdf51e9eee1e0b87db5e97f374b734bda156
44d87ea061e0c1597805b79f8d9b33309e9cc416,eyp-systemd/manifests/params.pp_(IaC)_
dc86fc8585fbbd340a8838c001e0512e70b72934,eyp-systemd/metadata.json_(Other)_
2b1e873fcf72122aa76581592bd57686460aedd1,eyp-systemd/manifests/service.pp_(IaC)_,eyp-systemd/templates/service.erb_(Other)_
0074d8ad11a720e414777562cfdf5a646efb9344,eyp-systemd/manifests/params.pp_(IaC)_,eyp-systemd/metadata.json_(Other)_
c01d19596a692b16b4a7b19962b2977ded6075ab,eyp-systemd/metadata.json_(Other)_
a429bd1cb3de75e56730808819dfb60421f6dc30,eyp-systemd/manifests/params.pp_(IaC)_
3af75022ef43dc4967f3df2ccdd95c3cdd775a79
8e4fed90f82686a2032e7075652bc2ec1c15011f,eyp-systemd/manifests/service.pp_(IaC)_,eyp-systemd/metadata.json_(Other)_,eyp-systemd/templates/service.erb_(Other)_
c2f4a129598ae975cafc8b08c8fbdad76cfd7512,eyp-systemd/manifests/service.pp_(IaC)_,eyp-systemd/templates/service.erb_(Other)_
9ee67134435517b24f75f4359920a9aa07285881,eyp-systemd/manifests/service.pp_(IaC)_,eyp-systemd/templates/service.erb_(Other)_
35a43ad1e9c2d92b6ed528d2480dc16546dcfbf3,eyp-systemd/manifests/service.pp_(IaC)_,eyp-systemd/templates/service.erb_(Other)_
ec4cba6fcba4313e15dbcb9a6bd6be78d12f281d,eyp-systemd/manifests/service.pp_(IaC)_,eyp-systemd/templates/service.erb_(Other)_
70c362c5c86f6c9b4f50606bb77b6ef3f460c1de,eyp-systemd/manifests/service.pp_(IaC)_,eyp-systemd/templates/service.erb_(Other)_
edc951b5db9408aa2d96d1cb76a66cc97ad44eb4
937680b32503930942c48401d0b711ea6f72a32a,eyp-systemd/metadata.json_(Other)_
2ac75701c6b5fa05378f40febab7e98e88a73cef,eyp-systemd/manifests/service.pp_(IaC)_
946a7367c4dbb2201a96f4fb1ab9efbe243aab7d,eyp-systemd/manifests/service.pp_(IaC)_
da76adbdcc879a23c3aab2bf02a50e2d9b7215e9,eyp-systemd/.travis.yml_(Other)_,eyp-systemd/spec/acceptance/base_spec.rb_(Other)_,eyp-systemd/spec/acceptance/nodesets/centos7-docker.yml_(Other)_,eyp-systemd/spec/acceptance/nodesets/ubuntu16-docker.yml_(Other)_,eyp-systemd/spec/acceptance/version.rb_(Other)_,eyp-systemd/spec/spec_helper_acceptance.rb_(Other)_
2cd0462bf0e89006088b8676216985d3f0d676cd,eyp-systemd/metadata.json_(Other)_,eyp-systemd/spec/acceptance/base_spec.rb_(Other)_
260a81e126f4513bd68c47356a27ba9cef17eb8a,eyp-systemd/spec/acceptance/base_spec.rb_(Other)_
980bdc0f287640405d3824c5e7e4d9bc4e034b76,eyp-systemd/spec/acceptance/base_spec.rb_(Other)_
91c296bea370dd97b080b7cd5e87e18c87e1df82,eyp-systemd/spec/acceptance/base_spec.rb_(Other)_
4fc360658c614f1af6459a9a028b6c37b9e45e7c,eyp-systemd/spec/acceptance/base_spec.rb_(Other)_
7f2dc1ed211290c359d7b02b286802f6babd3d0d,eyp-systemd/spec/acceptance/base_spec.rb_(Other)_
87db2117c0eddb98bc3a45b96434875933f4c77a,eyp-systemd/spec/acceptance/base_spec.rb_(Other)_
ef041c5c70b5c419c7a24cb059fb79bad9c0d4c9,eyp-systemd/spec/acceptance/base_spec.rb_(Other)_
b232ccac93648ae06a91da309369fb3a1f39800c
3db94935777c8d9eac9dd5d3b80350bbc79a3bd3,eyp-systemd/manifests/socket.pp_(IaC)_,eyp-systemd/metadata.json_(Other)_,eyp-systemd/templates/socket.erb_(Other)_
4dfc5096a6d06130c3ef42555f66f90e112ac0e8,eyp-systemd/spec/acceptance/base_spec.rb_(Other)_
91eb875bd9d9940ffe730dcbdb42178d3ed631b7,eyp-systemd/manifests/socket.pp_(IaC)_
edfd037f609b3357f732fb5f3d589e096b01e9af,eyp-systemd/manifests/service.pp_(IaC)_,eyp-systemd/metadata.json_(Other)_,eyp-systemd/templates/service.erb_(Other)_
4bd7f3d585ac39760e9ceba3d64287e20688b1a8,eyp-systemd/manifests/service.pp_(IaC)_,eyp-systemd/spec/acceptance/base_spec.rb_(Other)_,eyp-systemd/templates/service.erb_(Other)_
97f823bf4aa3b971811cdc7b7559b6fb8e191a8d,eyp-systemd/manifests/service.pp_(IaC)_
231e3b0223d52b6d17c3a988e7aaeb171f9422e1
ddd5226ba6464dc76776a8dededc846ee09de150,eyp-systemd/manifests/service.pp_(IaC)_,eyp-systemd/metadata.json_(Other)_,eyp-systemd/templates/service.erb_(Other)_
e70fe9144f451ebb5e0243a76c2f4b24c0cc5623,eyp-systemd/manifests/service.pp_(IaC)_,eyp-systemd/templates/service.erb_(Other)_
a9d0cafc553be226b018a304f5ed0d7180d125b3,eyp-systemd/metadata.json_(Other)_
aa379ea11cdc408a95c470e88cc0e51f253c1b4e,eyp-systemd/metadata.json_(Other)_
b295a405e45069b22ed49963b007e58af5758b1e,eyp-systemd/metadata.json_(Other)_
920c2e7a363a5046e615ffb35dd41a28cd5308ba,eyp-systemd/metadata.json_(Other)_
c2dde5d8eee6571787695b86f5470dcd71148b2c
914b2c977cb49913299848c5b478a5187c402d17,eyp-systemd/manifests/socket.pp_(IaC)_,eyp-systemd/metadata.json_(Other)_,eyp-systemd/templates/socket.erb_(Other)_
7c2b14c694803c5ac262d6ec29607cfeacb2bf46,eyp-systemd/manifests/socket.pp_(IaC)_
7d747d1efa41f6fd4173132316456168f801d690,eyp-systemd/.travis.yml_(Other)_,eyp-systemd/manifests/params.pp_(IaC)_,eyp-systemd/metadata.json_(Other)_,eyp-systemd/spec/acceptance/nodesets/archlinux-docker.yml_(Other)_
d5f8c853c25b2eb8e67092d19c25ae354646e4da,eyp-systemd/.travis.yml_(Other)_
d5e3a374cf65a03bd0ea6f81a9bf1c4116eb0a06,eyp-systemd/.travis.yml_(Other)_
9f6824908906e6cb503620b49164d22ca0c422a0,eyp-systemd/manifests/timer.pp_(IaC)_,eyp-systemd/spec/acceptance/timer.rb_(Other)_,eyp-systemd/templates/timer.erb_(Other)_
3b7197bf7c3e33924c2f839dd0d143260f8fb076,eyp-systemd/manifests/timer.pp_(IaC)_,eyp-systemd/spec/acceptance/timer.rb_(Other)_,eyp-systemd/templates/timer.erb_(Other)_
6b43a984c69d109a60d2fcec7fcc9ebb49c55857
175345f0d0f3a92766a2a6148df6572ef2396775,eyp-systemd/manifests/timer.pp_(IaC)_
02022579bc36ee642ee2bd5f8cde69a76046a152
4432a3343f64e3d1fac1763e57d6fd004b92cfea,eyp-systemd/spec/classes/init_spec.rb_(Other)_,eyp-systemd/spec/defines/timer_spec.rb_(Other)_,eyp-systemd/spec/spec_helper.rb_(Other)_,eyp-systemd/templates/timer.erb_(Other)_
3062270d529b79b8fa5f0fa7fb6645bebb52ec62,eyp-systemd/.rubocop.yml_(Other)_,eyp-systemd/spec/acceptance/base_spec.rb_(Other)_,eyp-systemd/spec/acceptance/timer.rb_(Other)_,eyp-systemd/spec/acceptance/version.rb_(Other)_,eyp-systemd/spec/spec_helper_acceptance.rb_(Other)_,eyp-systemd/tests/init.pp_(Other)_
cf83cc32d8685e835c5d53898159bc233338507a,eyp-systemd/manifests/sysvwrapper.pp_(IaC)_,eyp-systemd/metadata.json_(Other)_
4c4c4f375745f031584ffdbc8d333ba3643ce2d1,eyp-systemd/manifests/sysvwrapper.pp_(IaC)_
454aa20be579ce7d4ea70bef2bf2aad478eb197a,eyp-systemd/manifests/sysvwrapper.pp_(IaC)_,eyp-systemd/metadata.json_(Other)_
db31da177376f7f34d036da85116a2ae29eb00b2,eyp-systemd/manifests/sysvwrapper.pp_(IaC)_,eyp-systemd/metadata.json_(Other)_
6d73a6e2779b917d36d92b9601dcbf4f0fcaf19e,eyp-systemd/templates/sysv/wrapper.erb_(Other)_
0221fd57778eb9a1a2fd63ca5b38f657e167eb77
c703e263882a523e88a885af721d31b9f8e06a1c,eyp-systemd/metadata.json_(Other)_
889fab23d3e17e80e09742ac02b44ac91ca38329,eyp-systemd/manifests/service.pp_(IaC)_
5a810e4460c20e1b6e3005dea86e63b4b2845b2b,eyp-systemd/metadata.json_(Other)_
14c42a923f2d5a0d898f244b4723bcb9a1d06dc0,eyp-systemd/manifests/service.pp_(IaC)_,eyp-systemd/templates/service.erb_(Other)_
c76eaa301a21e9922ac2aeef257f6f00c9e35aa5,eyp-systemd/manifests/service.pp_(IaC)_,eyp-systemd/templates/service.erb_(Other)_
dad5e621a4d6d333778a33deb191053f77102d48
5bba59d5abe563327d6b1d40657265ec37b23101,eyp-systemd/manifests/service.pp_(IaC)_,eyp-systemd/templates/service.erb_(Other)_
081939a774f3bcc51f1d71d62a1508ca043f66c5,eyp-systemd/manifests/dropin.pp_(IaC)_,eyp-systemd/templates/dropin.erb_(Other)_
40dc951e37dca75dbfc43ab21a809c6e6984d968,eyp-systemd/manifests/dropin.pp_(IaC)_
c59259d35ee8d7329771d62b1dd77f7d2221b38e,eyp-systemd/manifests/dropin.pp_(IaC)_
c5374b7c7aa5e26fe0a5400842ee1a9ac622e87d,eyp-systemd/manifests/dropin.pp_(IaC)_
c3a1d2a0d4ab496aeb18cd25b2395a97bb9bf830,eyp-systemd/manifests/dropin.pp_(IaC)_,eyp-systemd/metadata.json_(Other)_
57401a1eadddae41940bd440e5ea0ef38a215fe8,eyp-systemd/templates/service.erb_(Other)_
36698c00fd63f2f68eccca4a714d654c635aae8b
8152e584417742879aabb4e2bf3dd6aecb66b574,eyp-systemd/manifests/system.pp_(IaC)_,eyp-systemd/spec/classes/system_spec.rb_(Other)_,eyp-systemd/templates/system.conf.erb_(Other)_
0663c9ff610e5c99dd4fbe8a563fc8b02d190d25,eyp-systemd/.rspec_(Other)_,eyp-systemd/manifests/init.pp_(IaC)_,eyp-systemd/manifests/logind.pp_(IaC)_,eyp-systemd/spec/classes/logind_spec.rb_(Other)_,eyp-systemd/templates/logind.erb_(Other)_
4f678ee7c8e38332c7c8c42edeb103d68c39eeef,eyp-systemd/manifests/params.pp_(IaC)_,eyp-systemd/metadata.json_(Other)_
32061d5c2bdc14d26b201142f464c3721a3a9c12,eyp-systemd/manifests/system.pp_(IaC)_
513812aa0e39c7ae3b8a87c0071d8991e503cf49,eyp-systemd/manifests/service/dropin.pp_(IaC)_
ce82d91c63374b76c7254b1ca0a3ffac2b243ab4
57c297d72d1581c178a9575aa7842e069f7e78ba,eyp-systemd/metadata.json_(Other)_
40f305a1ff66b98be9dbc48c739a1650abbf2c46,eyp-systemd/metadata.json_(Other)_
83915b559b75ca4858591b0845d1c2a3fb88db68,eyp-systemd/manifests/service.pp_(IaC)_
4046f03a900fa4cb1aad25c85a403d05f28a1139,eyp-systemd/manifests/service.pp_(IaC)_,eyp-systemd/templates/service.erb_(Other)_
8206cdeb681b613f867802d7f4dbe61066bc8e71,eyp-systemd/metadata.json_(Other)_
4076ee638e0c02508cc63681b2a4a71c11eb58cd,eyp-systemd/manifests/service.pp_(IaC)_,eyp-systemd/metadata.json_(Other)_
7d97070d1b4a072f40120cca74f70fb4c0107c31,eyp-systemd/manifests/service/dropin.pp_(IaC)_
ca23992b19aec6ae82835bbdccf076e532f04c8c,eyp-systemd/manifests/service/dropin.pp_(IaC)_,eyp-systemd/templates/dropin.erb_(Other)_
c3add7482fceec009ccecb5ec99d9c501a0f07f7
b7da49ad425d17e9fe04f723e2c3c9b6d0699ae4,eyp-systemd/manifests/service/dropin.pp_(IaC)_
a04eabbfd889fd748ef19415b954fa73b209e534,eyp-systemd/manifests/service.pp_(IaC)_
5d74a427caaa04f9a5ca8bba3a985bf98675ee5e
e75e8bd85bca7d974fa07e050c0bec17e5b2111f,eyp-systemd/metadata.json_(Other)_
a689654d3fe3eb603ffd52e030e8b5aa953f7594,eyp-systemd/manifests/service.pp_(IaC)_,eyp-systemd/manifests/service/dropin.pp_(IaC)_,eyp-systemd/templates/dropin.erb_(Other)_,eyp-systemd/templates/service.erb_(Other)_
f83f3b9c13fc1a17087bd8243e7880679486d19a,eyp-systemd/manifests/service.pp_(IaC)_
e642db04802162d77cbe8006a14f160256f4e078,eyp-systemd/manifests/init.pp_(IaC)_,eyp-systemd/manifests/service.pp_(IaC)_,eyp-systemd/manifests/service/dropin.pp_(IaC)_,eyp-systemd/manifests/socket.pp_(IaC)_,eyp-systemd/manifests/timer.pp_(IaC)_
9a1dfbc0d2048b42bc00adf43a90ca4490266409,eyp-systemd/manifests/init.pp_(IaC)_
507c2cc9464385515b25b611301be3cc899cf841,eyp-systemd/manifests/init.pp_(IaC)_
849b006cd0399bbf06a4ba32d1fa42af063af616,eyp-systemd/manifests/service.pp_(IaC)_
a9e448bc59bccd175d9dcdd870b1d6c264bc4fa5,eyp-systemd/manifests/service.pp_(IaC)_
bafe13cbcb7fe40c27b54fb3f870ba84e0233339,eyp-systemd/.travis.yml_(Other)_,eyp-systemd/manifests/params.pp_(IaC)_,eyp-systemd/metadata.json_(Other)_,eyp-systemd/spec/acceptance/nodesets/debian8-docker.yml_(Other)_,eyp-systemd/spec/acceptance/nodesets/debian9-docker.yml_(Other)_
9752f87dd13f73bf939b7a686c31ef1c1ed81e3c
730ce4ea974fa44f229b53f4f88002917d2f60bd
6eb382daa9bbac1a84b5ee511cac197d9c94e14f,eyp-systemd/.travis.yml_(Other)_,eyp-systemd/manifests/service/dropin.pp_(IaC)_
675e99a7b5c05f13d5569b076265dfafaf672ec0,eyp-systemd/manifests/service.pp_(IaC)_
91e7abeff4403eede43d73bf06a9a80801213f95,eyp-systemd/manifests/service.pp_(IaC)_,eyp-systemd/manifests/service/dropin.pp_(IaC)_,eyp-systemd/metadata.json_(Other)_
335a0b5bc0c2df6cfc7f936d1225eab77def5eab
0ec1365756a41d9480af3e368dd4008a49cc15fb,eyp-systemd/manifests/service.pp_(IaC)_,eyp-systemd/manifests/service/dropin.pp_(IaC)_
9cd1aaf712466b7b2c2435583ff8349e074398ed,eyp-systemd/manifests/service/dropin.pp_(IaC)_
0f826ba8cce1ca95d9c359567d22bb9875da9851,eyp-systemd/manifests/init.pp_(IaC)_
045ac0e308a228cde8b8b5603e0dbf836241507b,eyp-systemd/manifests/service/dropin.pp_(IaC)_
cd49697592f7554991c25e192d03a71747392b47,eyp-systemd/metadata.json_(Other)_
6784cbf99a461f0a2d12fb98b298d957975cd841,eyp-systemd/manifests/system.pp_(IaC)_,eyp-systemd/templates/system.conf.erb_(Other)_
f31ae2ca1cc92ab9b2722e14db496e45b4fdb619,eyp-systemd/manifests/system.pp_(IaC)_
1f451fa040fbf60639370e94315f8e2d83104386
f9b52d59a168ef57f56b1a5484db0bfebeb77100,eyp-systemd/manifests/init.pp_(IaC)_
43f06fff02ca6e963c76c10bad39bfe789af683a,eyp-systemd/manifests/init.pp_(IaC)_,eyp-systemd/manifests/logind.pp_(IaC)_,eyp-systemd/templates/logind.erb_(Other)_
8ee30cf95177278358853d090a5cd580595fe74e,eyp-systemd/manifests/logind.pp_(IaC)_,eyp-systemd/metadata.json_(Other)_,eyp-systemd/spec/acceptance/base_spec.rb_(Other)_
99aec3a8fce9ecf714b723f7cd69e3999a125a0a,eyp-systemd/manifests/init.pp_(IaC)_
0019d39e9e49a9ac2ccc0d121d077c8da4d48eeb,eyp-systemd/manifests/logind.pp_(IaC)_
3006f492b654bebd668bcd33db21142719e19e06,eyp-systemd/metadata.json_(Other)_
7810a218c44309896a3cd4b8bbd759366023be1c
3e2a970c6b2fd01b04c9ee82ad50aab0cb2cbf6d,eyp-systemd/manifests/service.pp_(IaC)_,eyp-systemd/manifests/service/dropin.pp_(IaC)_,eyp-systemd/metadata.json_(Other)_,eyp-systemd/templates/service.erb_(Other)_
ab3e3f1c0c8ddcfbb58a5657bb6641bf2af92005,eyp-systemd/manifests/init.pp_(IaC)_,eyp-systemd/manifests/journald.pp_(IaC)_,eyp-systemd/templates/journald.erb_(Other)_
142d69499accd25dffae47c7127e728d0450e3b1,eyp-systemd/manifests/init.pp_(IaC)_
55474264e9d00d893c6eb864721914ab64d85c30,eyp-systemd/manifests/logind.pp_(IaC)_,eyp-systemd/manifests/service.pp_(IaC)_,eyp-systemd/manifests/service/dropin.pp_(IaC)_,eyp-systemd/manifests/socket.pp_(IaC)_,eyp-systemd/manifests/sysvwrapper.pp_(IaC)_,eyp-systemd/manifests/timer.pp_(IaC)_,eyp-systemd/metadata.json_(Other)_,eyp-systemd/templates/service.erb_(Other)_
5de2c19b0c9e253c20239e2adc503574718dc8ab,eyp-systemd/manifests/timer.pp_(IaC)_
5f3190991a26deafa192a4c1a07b9b3626c0d095,eyp-systemd/manifests/logind.pp_(IaC)_,eyp-systemd/metadata.json_(Other)_
d8645786b8df04de7d20cf67b7674744643a0ab6,eyp-systemd/manifests/init.pp_(IaC)_,eyp-systemd/manifests/journald.pp_(IaC)_,eyp-systemd/manifests/journald/config.pp_(IaC)_,eyp-systemd/manifests/journald/service.pp_(IaC)_,eyp-systemd/metadata.json_(Other)_,eyp-systemd/templates/journald.erb_(Other)_
6f865577b7915c28c568dccfee6f0aea4ef1a531
b80d4a642262b57b49f662957bc02bdbad4dc7c2,eyp-systemd/manifests/journald/config.pp_(IaC)_
1eea110029e271313172d5db697a8e10f0a9d08a,eyp-systemd/manifests/journald/config.pp_(IaC)_
99ab7a16f31c056e41595fba4e7b0804c73c9e62,eyp-systemd/manifests/journald/config.pp_(IaC)_
4c605a6ce9e0de0a47d40ed51c58d8701bd9b4c5,eyp-systemd/manifests/journald/config.pp_(IaC)_
fc5a236208ca30c859b1ffaccf6c79b0dbf79fa0,eyp-systemd/manifests/journald/config.pp_(IaC)_
f39737678f0f8d95ffae31fe45994c98ad19c8fd,eyp-systemd/manifests/journald/config.pp_(IaC)_
7be4f36aedac0e0ea06c9a448fddd6d7cd22c3e9,eyp-systemd/manifests/journald/config.pp_(IaC)_
582497fa28d9f0e4c0eaa6b2355f691c87918bb3,eyp-systemd/manifests/journald/config.pp_(IaC)_
29de6897d48ddb22047961cbef3cb5f8020c275b,eyp-systemd/manifests/journald.pp_(IaC)_,eyp-systemd/manifests/journald/config.pp_(IaC)_
45f5df329c411ec5b01cc83bacea3559dcb75bf0
831c2a57246ebc100446227aa59a72c11825ad9c
2c88d26c2080ae8e3df2d279aa5226881d273ea1,eyp-systemd/manifests/service/dropin.pp_(IaC)_,eyp-systemd/spec/defines/service_dropin_spec.rb_(Other)_,eyp-systemd/spec/defines/service_spec.rb_(Other)_,eyp-systemd/templates/service.erb_(Other)_
7920f049810394bccad449928b9a6b25cb06c405,eyp-systemd/manifests/params.pp_(IaC)_,eyp-systemd/metadata.json_(Other)_
00f88bd32891e59323d44d36532178009884bd28,eyp-systemd/manifests/resolved.pp_(IaC)_,eyp-systemd/manifests/resolved/config.pp_(IaC)_,eyp-systemd/manifests/resolved/service.pp_(IaC)_,eyp-systemd/templates/resolved.erb_(Other)_
1ee623f33e41450c9cfcefef5ea82e4a3972f3f9,eyp-systemd/manifests/resolved.pp_(IaC)_,eyp-systemd/templates/resolved.erb_(Other)_
76c99eebab5770e8453e5deacdef82f97a19d62e,eyp-systemd/manifests/timesyncd.pp_(IaC)_,eyp-systemd/manifests/tymesyncd/config.pp_(IaC)_,eyp-systemd/manifests/tymesyncd/service.pp_(IaC)_,eyp-systemd/templates/timesyncd.erb_(Other)_
7548e0eedea7804deea990e7b2c05eccb4814249,eyp-systemd/metadata.json_(Other)_
ced1a329c0f0f56ae414f931691dab576d71735f,eyp-systemd/manifests/timesyncd.pp_(IaC)_
b3ca8ac23c4add0524009dad0cda917d667f6505,eyp-systemd/manifests/timesyncd/config.pp_(IaC)_,eyp-systemd/manifests/timesyncd/service.pp_(IaC)_
429246a90b72072de46d827cbda4da2cb3e9ba30,eyp-systemd/examples/ntp_timesyncd.pp_(IaC)_
0f8d2e2a73d02e923b8820ce59f4a86259acc91b,eyp-systemd/manifests/timesyncd/service.pp_(IaC)_
e1721a9481fd48a4a36cec426362e730467acafe,eyp-systemd/metadata.json_(Other)_
94d11e1faa87b7980705a350d5421b8c328a161c
fc7c7831570bbb2edb8e5782f1445b91009ff6fe,eyp-systemd/manifests/service.pp_(IaC)_,eyp-systemd/templates/service.erb_(Other)_
f1a218e605f1462af25e4dc8386020afb268616a,eyp-systemd/manifests/service/dropin.pp_(IaC)_,eyp-systemd/metadata.json_(Other)_
03f28cb5adcbb94904c9a470c2293925a9fee60b
316a93423974fa630d43eff7b2823b23b133b0fa,eyp-systemd/metadata.json_(Other)_
89760a459e14c098544b27837331969e806fe14d,eyp-systemd/manifests/params.pp_(IaC)_,eyp-systemd/metadata.json_(Other)_
baf25456393218c6b916e0b357705a6d8e600781,eyp-systemd/manifests/params.pp_(IaC)_
8c5b5be7cf12d3e1622d3429da38ed8f3cdb094b,eyp-systemd/metadata.json_(Other)_
0361a30de7d9ed6c69284c1592f40b0f7a90ab49,eyp-systemd/metadata.json_(Other)_
55d5e88fe0992ff1290884192147090a7a9c2685
c082911c18dc75125ff6944b308f6b546dfdeb80
9b49f97a2eedda13975a5b13b3d459391279df78,eyp-systemd/manifests/service.pp_(IaC)_
fbba5fd4d50e61e92d506e1589705352977c8f07,eyp-systemd/manifests/init.pp_(IaC)_
10d40b911d95997ef040dea8d239a7d6137b45a4,eyp-systemd/manifests/init.pp_(IaC)_,eyp-systemd/metadata.json_(Other)_
043194ffb5d51f4bc168da58d67298136d1acb91
008ffc328fa91671ebc104a14604e9fd9c93da24
0d45eef39f6335d22689a7f71c89d11f677b1e52
49c8252919d3e0c8a3449c1480b11e2e5eeee86b
39cf286aa789bed924fd995952edbf1a4336f1cf,eyp-systemd/spec/spec_helper_acceptance.rb_(Other)_
a330293cb55cf4c9da306194ad4bc816c3f1ccb9,eyp-systemd/metadata.json_(Other)_
11ba621580ebde80f9902cee20703238c0685d3e,eyp-systemd/manifests/service.pp_(IaC)_,eyp-systemd/manifests/service/dropin.pp_(IaC)_,eyp-systemd/templates/service.erb_(Other)_
4e1465d421e372cb67f37506ceeba3f16a982bb4
dd37c1ee97996fc14336466638e56b2e15319f1f
20d7e5a69feec30c1258c464162e6964abb35b05,eyp-systemd/metadata.json_(Other)_
596194bb3043b6d90088ef62f610a7cc49c4476b,eyp-systemd/templates/service.erb_(Other)_
a125019696ff3bd8784106357485b14419f84edb,eyp-systemd/manifests/service.pp_(IaC)_
e4c33afcd1e6fc3b45c07028abd02fc2400201ce,eyp-systemd/templates/service.erb_(Other)_
5ce3dab2041f44e57e20ed05e04fd136db699315
5feadeb53fbf614ade355a0c5acb35b79e6cdfa9,eyp-systemd/templates/service.erb_(Other)_
fa2ef20691afa3a45a8fc5abadcba38e2b14a790,eyp-systemd/manifests/service/dropin.pp_(IaC)_,eyp-systemd/metadata.json_(Other)_
19a77f8e8de2ed43f5363517d1f61ca8d4cfaf74
40bd79933a11a03d494c5f3a69407c12b91bde87,eyp-systemd/manifests/journald.pp_(IaC)_,eyp-systemd/manifests/logind.pp_(IaC)_,eyp-systemd/manifests/service.pp_(IaC)_,eyp-systemd/manifests/timer.pp_(IaC)_,eyp-systemd/metadata.json_(Other)_
a41ab0ffc7a65adcafcdd951fc227eff0cbd4adf,eyp-systemd/manifests/service/dropin.pp_(IaC)_
4741709cd7a0cdc8a3672c5824f0148cd68b4ade,eyp-systemd/manifests/service.pp_(IaC)_,eyp-systemd/manifests/service/dropin.pp_(IaC)_
04fdd1631f90d820957f2b4c166307fd25291672,eyp-systemd/manifests/service/target.pp_(IaC)_
2dfb681c45769883b1ceaa2ac7c8021330f09f52,eyp-systemd/templates/target.erb_(Other)_
885ebeceaac05185fc785bfaa5e7ed8d1c76d76e,eyp-systemd/manifests/service/target.pp_(IaC)_
e0de4762e061879040589e0e08e185b281d76b74
683a3f48a1a792a881544de807cc308696906e0d
23a233f019a3e37bae3be133f7868b329ff51117,eyp-systemd/manifests/init.pp_(IaC)_,eyp-systemd/manifests/logind.pp_(IaC)_,eyp-systemd/manifests/service.pp_(IaC)_,eyp-systemd/manifests/service/dropin.pp_(IaC)_,eyp-systemd/manifests/timesyncd.pp_(IaC)_,eyp-systemd/metadata.json_(Other)_,eyp-systemd/spec/acceptance/base_spec.rb_(Other)_,eyp-systemd/templates/service.erb_(Other)_,eyp-systemd/templates/timesyncd.erb_(Other)_
3a5ba79c21f6e81fb2ed1700b5184655dbaa2bae,eyp-systemd/metadata.json_(Other)_
f3500f1e8d255bbe019d8831cb27af25c3f22252,eyp-systemd/manifests/init.pp_(IaC)_,eyp-systemd/manifests/timer.pp_(IaC)_,eyp-systemd/templates/section/install.erb_(Other)_,eyp-systemd/templates/section/service.erb_(Other)_,eyp-systemd/templates/section/socket.erb_(Other)_,eyp-systemd/templates/section/timer.erb_(Other)_,eyp-systemd/templates/section/unit.erb_(Other)_
7d8694ad0244b8c93d8517e0e3886d1cb91e510b,eyp-systemd/manifests/socket.pp_(IaC)_
4c9568c981f4806a8e1108261570c98c48720b34,eyp-systemd/manifests/service/target.pp_(IaC)_
bdc34f811c784f30bfff30830bbebd429e842efc,eyp-systemd/manifests/target.pp_(IaC)_
f8a4d83a0e7b5225510a874b7479b6050293e21c,eyp-systemd/manifests/service.pp_(IaC)_,eyp-systemd/manifests/service/dropin.pp_(IaC)_,eyp-systemd/manifests/socket.pp_(IaC)_
9767d9dbd457f6d7e2869bef9f6662be14e1cbbf,eyp-systemd/manifests/socket.pp_(IaC)_,eyp-systemd/manifests/timer.pp_(IaC)_
2faf3e16d4893988107e0d5555dccebca8e5afd4,eyp-systemd/manifests/service.pp_(IaC)_,eyp-systemd/manifests/service/dropin.pp_(IaC)_,eyp-systemd/manifests/socket.pp_(IaC)_,eyp-systemd/manifests/timer.pp_(IaC)_
4559914a76defe8a4adad4b4e9474df25a20e98a,eyp-systemd/manifests/timer.pp_(IaC)_
6d376d436db40938297a027ce70c6f2138ca5f76,eyp-systemd/manifests/socket.pp_(IaC)_
063152f46bc28a2e4b5169161a83f93fa2001dc6,eyp-systemd/spec/spec_helper_acceptance.rb_(Other)_
8815bcdeb7c518620d1faa8a974746d33217eaa0,eyp-systemd/manifests/target.pp_(IaC)_
2c9633d66335dda0911388cb60e205e15ec7f19a,eyp-systemd/templates/service.erb_(Other)_,eyp-systemd/templates/socket.erb_(Other)_,eyp-systemd/templates/timer.erb_(Other)_
dff87fecafb0e6b46f79e767893e42f2986aac04,eyp-systemd/manifests/target.pp_(IaC)_
90bb3e406b34bb71344c80acce8c0a3d4f15813e,eyp-systemd/templates/section/unit.erb_(Other)_
c36064344e2d1bb1f8467409061816272b3650cd,eyp-systemd/manifests/target.pp_(IaC)_
25aff05cd5b05080b0166fe80eccb97c6652a2e2,eyp-systemd/manifests/init.pp_(IaC)_,eyp-systemd/manifests/target.pp_(IaC)_,eyp-systemd/templates/target.erb_(Other)_
b7c25771aae3bf30c51e61b5273b6bdf65840a4f,eyp-systemd/manifests/target.pp_(IaC)_
bfe60af51dca4a978880eae837cbf23227386991
cca52fd0ba7d01d845a639b85949ea66d5208435,eyp-systemd/spec/acceptance/service_spec.rb_(Other)_,eyp-systemd/spec/acceptance/target_spec.rb_(Other)_,eyp-systemd/spec/acceptance/timer_spec.rb_(Other)_
c533a7c1cbc0a7d851b218d8d8e8185eb8241c52,eyp-systemd/manifests/service.pp_(IaC)_,eyp-systemd/manifests/target.pp_(IaC)_,eyp-systemd/manifests/timer.pp_(IaC)_
bd84c5b79f5be270a8738c3b08ab6100c9570f63,eyp-systemd/manifests/target.pp_(IaC)_,eyp-systemd/manifests/timer.pp_(IaC)_
24b6ae6af461a9eaf8897b17e155e2ab928377e4,eyp-systemd/manifests/target.pp_(IaC)_
ecbaec7e752f0925c1043bdf3dc590df90791e74,eyp-systemd/manifests/service.pp_(IaC)_
7cd552040be6978e73c17e8aeeb3608dd4c478d2,eyp-systemd/manifests/service.pp_(IaC)_
016fc22f5774bf01e9b7b811479a6736b3a35660,eyp-systemd/manifests/service.pp_(IaC)_,eyp-systemd/manifests/service/dropin.pp_(IaC)_,eyp-systemd/manifests/socket.pp_(IaC)_,eyp-systemd/manifests/target.pp_(IaC)_,eyp-systemd/manifests/timer.pp_(IaC)_
e5edd1b0f31d40f32b11957b2d9ec73b3d257b3b,eyp-systemd/spec/acceptance/socket_spec.rb_(Other)_
a69f95d5f8628cbc70f1baf028d7deafbff3a33a,eyp-systemd/spec/acceptance/socket_spec.rb_(Other)_
c9096881efb3fc35e47572777a2620fb08bc85aa,eyp-systemd/manifests/service/dropin.pp_(IaC)_
0e8a6af744858addcb53e9d2ac5cf7395251fd22,eyp-systemd/spec/acceptance/service_dropin_spec.rb_(Other)_
d383f2ced86a6e2d8371440e4dad122eda24824d,eyp-systemd/spec/acceptance/service_dropin_spec.rb_(Other)_,eyp-systemd/spec/acceptance/service_spec.rb_(Other)_,eyp-systemd/spec/acceptance/socket_spec.rb_(Other)_,eyp-systemd/spec/acceptance/target_spec.rb_(Other)_,eyp-systemd/spec/acceptance/timer_spec.rb_(Other)_
af64f201001104ac1548d573091ef656d9808a8d,eyp-systemd/metadata.json_(Other)_
6cceacf851c370e0526a3404448fac2ae6ad248f,eyp-systemd/manifests/socket.pp_(IaC)_,eyp-systemd/templates/section/socket.erb_(Other)_
dc590fc5af792dbabe74f31637c117d8d5e2b80b,eyp-systemd/manifests/service.pp_(IaC)_,eyp-systemd/manifests/service/dropin.pp_(IaC)_,eyp-systemd/templates/section/service.erb_(Other)_
7f0bd3aeb4a7a7bc83db201a088814ff1db5b86f,eyp-systemd/spec/acceptance/socket_spec.rb_(Other)_
92e76a863f76ac5bea00ab847deca2c2f66b29aa,eyp-systemd/spec/acceptance/socket_spec.rb_(Other)_
2c74af7a126634c22ee6a3e0e74cb35b10471ea2,eyp-systemd/manifests/service.pp_(IaC)_,eyp-systemd/manifests/service/dropin.pp_(IaC)_,eyp-systemd/manifests/socket.pp_(IaC)_,eyp-systemd/manifests/target.pp_(IaC)_,eyp-systemd/manifests/timer.pp_(IaC)_
128013dcd9cf625a6ad7f41b6bcee5a4c443aaaf,eyp-systemd/examples/socket_demo.pp_(IaC)_
4f6abf3e254452023bdfb44dc98b217fbe8e2438,eyp-systemd/spec/acceptance/socket_spec.rb_(Other)_,eyp-systemd/spec/acceptance/target_spec.rb_(Other)_
d6ef0d4f92e3e9ad27fbf5d2a12b182e681b17fa,eyp-systemd/examples/socket_demo.pp_(IaC)_,eyp-systemd/manifests/socket.pp_(IaC)_,eyp-systemd/spec/acceptance/socket_spec.rb_(Other)_,eyp-systemd/templates/section/socket.erb_(Other)_
2c5547dbb764822b36f2f6fc64f3bf4997114d5b,eyp-systemd/spec/acceptance/socket_spec.rb_(Other)_
d9f365847fbc4f4657f84bb24fe0b0fc7e32ee79,eyp-systemd/spec/acceptance/socket_spec.rb_(Other)_
47380c4af834683cc3b5b93c2e19e00a8ab438f0,eyp-systemd/examples/socket_demo.pp_(IaC)_,eyp-systemd/spec/acceptance/socket_spec.rb_(Other)_
7e587df01ff31c368a70698ea83512a5aa7315b0,eyp-systemd/spec/acceptance/service_dropin_spec.rb_(Other)_,eyp-systemd/spec/acceptance/service_spec.rb_(Other)_,eyp-systemd/spec/acceptance/socket_spec.rb_(Other)_,eyp-systemd/spec/acceptance/timer_spec.rb_(Other)_
00756afbbee9cd5cab99d37f4c3b34f4bdb26fcc,eyp-systemd/spec/acceptance/service_dropin_spec.rb_(Other)_,eyp-systemd/spec/acceptance/service_spec.rb_(Other)_,eyp-systemd/spec/acceptance/socket_spec.rb_(Other)_,eyp-systemd/spec/acceptance/target_spec.rb_(Other)_,eyp-systemd/spec/acceptance/timer_spec.rb_(Other)_
aa9f68d878d57c929bb7b98801fdedc4acd7cbe2,eyp-systemd/spec/acceptance/nodesets/centos7-docker.yml_(Other)_,eyp-systemd/spec/acceptance/nodesets/ubuntu16-docker.yml_(Other)_
78f34a99d1b5f63985152289487e7576694c3b44
e818164d457d6a0eb880089da88074bd0d11d562,eyp-systemd/examples/timer_demo.pp_(IaC)_
25c348312c2b9c2488bc8c12fb0375d56fa2065a
74ab4134c1f9d0561cdee417fb86df43980c04bb,eyp-systemd/examples/socket_demo.pp_(IaC)_,eyp-systemd/examples/timer_demo.pp_(IaC)_,eyp-systemd/spec/acceptance/socket_spec.rb_(Other)_,eyp-systemd/spec/acceptance/timer_spec.rb_(Other)_
719206bb351a7cc46c06ffc7031e52d2d77cb173,eyp-systemd/spec/acceptance/socket_spec.rb_(Other)_
8b25d2d8ed4a2ae63200d2d2ee202e0c3f5cfa89,eyp-systemd/spec/acceptance/service_dropin_spec.rb_(Other)_,eyp-systemd/spec/acceptance/service_spec.rb_(Other)_,eyp-systemd/spec/acceptance/socket_spec.rb_(Other)_,eyp-systemd/spec/acceptance/target_spec.rb_(Other)_,eyp-systemd/spec/acceptance/timer_spec.rb_(Other)_
a6a7fe0f7754a0392ab6bd83171156259d9c6740,eyp-systemd/examples/timer_demo.pp_(IaC)_,eyp-systemd/spec/acceptance/timer_spec.rb_(Other)_
5622ccf4ff81268444d080c7da35e7ebfe98d59b,eyp-systemd/examples/service_demo.pp_(IaC)_
b0bf0e0379a958328666322aacbe18e911e3a621,eyp-systemd/examples/targte_demo.pp_(IaC)_
9e33d8c54eda81bbeab4c47e6da369e48eea5562,eyp-systemd/spec/acceptance/timer_spec.rb_(Other)_
746fa0f2c075968493d3d289f3ce71e46f93d73b,eyp-systemd/spec/acceptance/socket_spec.rb_(Other)_
767e8ef826a5e7e4bb301e2255857f856df067d7,eyp-systemd/spec/acceptance/timer_spec.rb_(Other)_
4571026cf547f72c2f0ec0ed0a537feeadc45f38,eyp-systemd/metadata.json_(Other)_
051e390ff62b3c0e72eab34bcd925037aa171e74,eyp-systemd/manifests/params.pp_(IaC)_,eyp-systemd/metadata.json_(Other)_
13293992a6ae8064af8752bfa6bf254115354aee,eyp-systemd/manifests/service/dropin.pp_(IaC)_
dc56634f84a7d301942b1b67bba8cd76d32d5eec,eyp-systemd/metadata.json_(Other)_
7bf2df6322402002eb48ccdc35aa4a1437c051be,eyp-systemd/manifests/service/dropin.pp_(IaC)_
c2b4c5b690f9aef2c0cebd8e00350267a10383a1,eyp-systemd/metadata.json_(Other)_
a01715791fb496033f73d796bd861c02877140f1,eyp-systemd/spec/acceptance/service_dropin_spec.rb_(Other)_,eyp-systemd/spec/acceptance/service_spec.rb_(Other)_
f6706d6771daf5dd19a45a2c088471266def9583,eyp-systemd/manifests/service.pp_(IaC)_,eyp-systemd/manifests/service/dropin.pp_(IaC)_,eyp-systemd/manifests/socket.pp_(IaC)_,eyp-systemd/manifests/target.pp_(IaC)_,eyp-systemd/manifests/timer.pp_(IaC)_,eyp-systemd/templates/section/unit.erb_(Other)_
a1bd4c786cb4a93d674272e8b41f5adce27a714c
4c0e2d122075ac8ad9ce759653ef5e5731a5c7e3,eyp-systemd/metadata.json_(Other)_
6932eb32a655ed0205727ef396ee31f7e7fa7003,eyp-systemd/spec/acceptance/service_dropin_spec.rb_(Other)_,eyp-systemd/spec/acceptance/service_spec.rb_(Other)_
faf9ad23a584fd098e8f4d63e3c8be9b5ef209c4,eyp-systemd/spec/acceptance/logind_spec.rb_(Other)_,eyp-systemd/spec/acceptance/service_dropin_spec.rb_(Other)_,eyp-systemd/spec/acceptance/service_spec.rb_(Other)_
99c98a7bc8c6df2f1444f8fbde206d676439c97c
13547121eafbf02021edb6473c15b8a48902912c,eyp-systemd/manifests/params.pp_(IaC)_,eyp-systemd/metadata.json_(Other)_
42c60280e0eadb6e58630ba182fdd50e8848a25c
054fc3af34676980192c80e6b3de38b026c0d83f,eyp-systemd/manifests/sysvwrapper.pp_(IaC)_,eyp-systemd/metadata.json_(Other)_
f59588673edc28fa5aa1a12d0a7572574fc13095,eyp-systemd/examples/sysv_wrapper_demo.pp_(IaC)_
31c3fe0b3bc61f77485e814510150f70625920e7,eyp-systemd/examples/sysv_wrapper_demo.pp_(IaC)_
82e6b54252cf91c69f24a2b2918a4a849df0fd7d,eyp-systemd/examples/sysv_wrapper_demo.pp_(IaC)_
7782a6aef3702ed060831491ce1a8e0be997e389,eyp-systemd/examples/sysv_wrapper_demo.pp_(IaC)_
cd22e90d51bc6acafaf0895870094feda9f83c43,eyp-systemd/examples/mount_demo.pp_(IaC)_,eyp-systemd/manifests/mount.pp_(IaC)_,eyp-systemd/metadata.json_(Other)_,eyp-systemd/templates/section/mount.erb_(Other)_
83228a71aac6e305743a81a97db9207d8528b7be,eyp-systemd/manifests/mount.pp_(IaC)_
38f1fe313b1aed7ea733c7ce431a4b0dccdf2e35,eyp-systemd/manifests/mount.pp_(IaC)_
9c741febc9a13ee712c8d721a186e65d0b2c4804
0ddee5d152df9808a4da90ab3e213ad4c5b89201
7e0e60793b54adbcacb89613c23015f7a864ea55
570369fe6bd0d391b9f5c0c60d9f16a9461fbd75,eyp-systemd/metadata.json_(Other)_
90115b244619abbcf7e3c7298de6860007584e30,eyp-systemd/manifests/logind.pp_(IaC)_,eyp-systemd/manifests/mount.pp_(IaC)_,eyp-systemd/manifests/service.pp_(IaC)_,eyp-systemd/manifests/service/dropin.pp_(IaC)_,eyp-systemd/manifests/socket.pp_(IaC)_,eyp-systemd/manifests/system.pp_(IaC)_,eyp-systemd/manifests/sysvwrapper.pp_(IaC)_,eyp-systemd/manifests/target.pp_(IaC)_,eyp-systemd/manifests/timer.pp_(IaC)_
bea60462a9d2c2f64c44407f31531f463d2d7267,eyp-systemd/manifests/mount.pp_(IaC)_,eyp-systemd/manifests/sysvwrapper.pp_(IaC)_,eyp-systemd/metadata.json_(Other)_
3c4f52caca0668c503aad98ba421a337026d6ee4,eyp-systemd/manifests/params.pp_(IaC)_,eyp-systemd/metadata.json_(Other)_
6b657854b489fc1fa9e79fc2181e9d2dd87f5f5d,eyp-systemd/manifests/service.pp_(IaC)_
c1d9c110f0c79c4f8297f9fb70f44469a0a35983,eyp-systemd/templates/section/service.erb_(Other)_
e11ff8e433705a679b497157827215bc3f023a31,eyp-systemd/manifests/service/dropin.pp_(IaC)_
2c0fd128a79bdeed100d8a21b1b1c1dffc89edd1
d9b822e4556c69096317c2132ba5c9430e1962dd,eyp-systemd/manifests/params.pp_(IaC)_,eyp-systemd/metadata.json_(Other)_
28354006cf9ea0754360b215593dadfd513db7ea,eyp-systemd/metadata.json_(Other)_
256243bb0282f3bc6afd96dfbdd71a07fcac589f
9764ae70d0f8f7bb6326774788d606be9f279a65
686c8968fceac12a9b5044a43b969dac0f405152,eyp-systemd/manifests/service.pp_(IaC)_,eyp-systemd/manifests/service/dropin.pp_(IaC)_,eyp-systemd/metadata.json_(Other)_,eyp-systemd/templates/section/service.erb_(Other)_
5c91b5b621dcd8ccce620509912e73cc91c45062,eyp-systemd/manifests/tmpfile.pp_(IaC)_
f372efa7e7d93fed09c765d8361121174ffbda6f,eyp-systemd/manifests/service.pp_(IaC)_,eyp-systemd/manifests/service/dropin.pp_(IaC)_,eyp-systemd/metadata.json_(Other)_,eyp-systemd/spec/acceptance/service_dropin_spec.rb_(Other)_,eyp-systemd/spec/acceptance/service_spec.rb_(Other)_,eyp-systemd/templates/section/service.erb_(Other)_
f7ed17ec1823d743f7e60403f834b051e6d4a7ae,eyp-systemd/spec/acceptance/service_dropin_spec.rb_(Other)_,eyp-systemd/spec/acceptance/service_spec.rb_(Other)_
39441aecfe5ac6b95b599927cb68732849972f3e,eyp-systemd/spec/acceptance/service_dropin_spec.rb_(Other)_,eyp-systemd/spec/acceptance/service_spec.rb_(Other)_
cda3f833c4d2636637e691795cebdd0dee6bdec6,eyp-systemd/spec/acceptance/service_dropin_spec.rb_(Other)_,eyp-systemd/spec/acceptance/service_spec.rb_(Other)_
883502850a154eff661ac05c85ce5821aa75d92e,eyp-systemd/lib/facter/eyp_systemd_release.rb_(Other)_
72db94719f24f93beffd199446b6f521482b64eb,eyp-systemd/manifests/service.pp_(IaC)_,eyp-systemd/manifests/service/dropin.pp_(IaC)_
c384f9e0fcb4ff59c8b34ab4eac1754e6d82f79f,eyp-systemd/manifests/service.pp_(IaC)_,eyp-systemd/manifests/service/dropin.pp_(IaC)_
eb155ed11394e0bd9dd4dd80097d325534c03ff1,eyp-systemd/lib/facter/eyp_systemd_release.rb_(Other)_,eyp-systemd/manifests/service.pp_(IaC)_,eyp-systemd/manifests/service/dropin.pp_(IaC)_
049241703b2c6e961fd10ca282982e1856541aab,eyp-systemd/manifests/service.pp_(IaC)_,eyp-systemd/manifests/service/dropin.pp_(IaC)_
0db7a469180d93e9a3f63dd70111c9ab2ac11584,eyp-systemd/manifests/service.pp_(IaC)_,eyp-systemd/manifests/service/dropin.pp_(IaC)_
fa65702b738a2c45a90070cb8649d3edc54383e5,eyp-systemd/spec/acceptance/service_dropin_spec.rb_(Other)_,eyp-systemd/spec/acceptance/service_spec.rb_(Other)_
62eca2622ded55bae909e8995036cf604be48aa3,eyp-systemd/manifests/tmpfile.pp_(IaC)_,eyp-systemd/metadata.json_(Other)_,eyp-systemd/templates/tmpfiles/tmpfile.erb_(Other)_
279156b5d2f0d2ef62135d9d9664d6a9590907d7,eyp-systemd/manifests/tmpfile.pp_(IaC)_
17ec8c1d855c8afffce798dd8c07f368b483bb93,eyp-systemd/manifests/tmpfile.pp_(IaC)_
fb355f4e9f2ff37aa1ff8359546a2bf00f0d4ef4,eyp-systemd/templates/section/install.erb_(Other)_
6797d70a27e7672983290128c15c1015710e7993,eyp-systemd/manifests/service/dropin.pp_(IaC)_
5b3f794a41206034c82c7db255023fa45a0ba403,eyp-systemd/templates/section/install.erb_(Other)_
b98e219ea2d157540c6dce7c569658ad82504588
4eedeeb3c2ef0c8618281c77089495545875c4c6,eyp-systemd/manifests/automount.pp_(IaC)_,eyp-systemd/templates/section/automount.erb_(Other)_
3c5f9a36aae8f49d242725a34eb3c21d99da6d90,eyp-systemd/manifests/automount.pp_(IaC)_
af60308a35ff4d9e3cadcddf790e9b7930772438,eyp-systemd/manifests/automount.pp_(IaC)_
b14aa4208ed71fb80d5c326ce0326a27cff454d3,eyp-systemd/metadata.json_(Other)_
2556139a2e802402483d07e48412617c8079a4c9,eyp-systemd/templates/section/timer.erb_(Other)_
0ef0ecf64cbf31242e18194fb9e58c0ad176a1fc,eyp-systemd/spec/defines/timer_spec.rb_(Other)_
2fe04ea518f5617bc8e3944b2a39caa0aef07df2,eyp-systemd/metadata.json_(Other)_
57b269ac93b5117a69a6b538e58bc0e31f0e53d9,eyp-systemd/manifests/resolved.pp_(IaC)_,eyp-systemd/templates/resolved.erb_(Other)_
6daa1ed8b993211391887b7b7fb5111c1770a3a4
20dea241f91b9309567dccb4fdb9a732c03ff802,eyp-systemd/manifests/params.pp_(IaC)_
5825b11ba125c4f7ddc76ab22bbe2242506cea39,eyp-systemd/metadata.json_(Other)_
4c54521f9c9da16f60e756c624c9b79cd031a920
af43f35d3531aabea41a9c31a6272a309103894d,eyp-systemd/manifests/automount.pp_(IaC)_,eyp-systemd/manifests/mount.pp_(IaC)_,eyp-systemd/manifests/service.pp_(IaC)_,eyp-systemd/manifests/service/dropin.pp_(IaC)_,eyp-systemd/manifests/socket.pp_(IaC)_,eyp-systemd/manifests/target.pp_(IaC)_,eyp-systemd/manifests/timer.pp_(IaC)_,eyp-systemd/templates/section/unit.erb_(Other)_
22ec9da16aa57601105b4b514f0c5116c13298fa,eyp-systemd/manifests/automount.pp_(IaC)_,eyp-systemd/manifests/mount.pp_(IaC)_,eyp-systemd/manifests/params.pp_(IaC)_,eyp-systemd/manifests/service.pp_(IaC)_,eyp-systemd/manifests/service/dropin.pp_(IaC)_,eyp-systemd/manifests/socket.pp_(IaC)_,eyp-systemd/manifests/sysvwrapper.pp_(IaC)_,eyp-systemd/metadata.json_(Other)_
cd9fed731bac30535a984491a658dad5cd0af179,eyp-systemd/.github/workflows/puppet-lint.yml_(Other)_
0a48a687699269aef8fe36518e45ef020c45d50c,eyp-systemd/.github/workflows/puppet-lint.yml_(Other)_
5fd825695eaa4eb2a843ceeac98af4595a7d8f5b,eyp-systemd/.github/workflows/puppet-lint.yml_(Other)_
a8baf44be3df073108062052ac9054fee317cd16,eyp-systemd/.github/workflows/puppet-lint.yml_(Other)_
1d9dd190e255dc078031080e89364550e6f333ec,eyp-systemd/.github/workflows/puppet-lint.yml_(Other)_
e34898e46c3b88d8c226bbfe146f2f84fea776b0,eyp-systemd/.github/workflows/metadata-lint.yml_(Other)_
7cb4f3e8ee0605d0632a7661fc3bbe7f4c26ed5e,eyp-systemd/.github/workflows/metadata-lint.yml_(Other)_
5f002f94969f0415cc1000a24e7068f235ef602a,eyp-systemd/.github/workflows/puppet-validate.yml_(Other)_
8bc245e8990b15fa3d70fb02a6d58e915ab838ab,eyp-systemd/.github/workflows/puppet-metadata-lint.yml_(Other)_
2be572ddbefa691debacebb47a558cf6c96a7af8,eyp-systemd/.github/workflows/puppet-centos7.yml_(Other)_
446ab8e4f37d12f969d4919786c6757721ccf959,eyp-systemd/.github/workflows/puppet-centos7.yml_(Other)_
92f5b4a11034b4cce9240ccb5205f8541998717d
143d916f9ab38a8c1fd7804569243222a2c2f0ec,eyp-systemd/manifests/service.pp_(IaC)_,eyp-systemd/manifests/service/dropin.pp_(IaC)_
