0b6dc6784554b886961d4c84727669042d9d170c,infra/ansible.cfg_(Other)_,infra/files/nginx-confs/nginx-default_(Other)_,infra/files/nginx-confs/subdomains/brent_invoiceninja.conf_(Other)_,infra/files/nginx-confs/subdomains/funkwhale-multi.conf_(Other)_,infra/files/nginx-confs/subdomains/funkwhale.conf_(Other)_,infra/files/nginx-confs/subdomains/gitea.conf_(Other)_,infra/files/nginx-confs/subdomains/hass.conf_(Other)_,infra/files/nginx-confs/subdomains/hc.conf_(Other)_,infra/files/nginx-confs/subdomains/heimdall.conf_(Other)_,infra/files/nginx-confs/subdomains/invoiceninja.conf_(Other)_,infra/files/nginx-confs/subdomains/librespeed.conf_(Other)_,infra/files/nginx-confs/subdomains/nextcloud.conf_(Other)_,infra/files/nginx-confs/subfolders/booksonic.conf_(Other)_,infra/files/nginx-confs/subfolders/grafana.conf_(Other)_,infra/files/nginx-confs/subfolders/librespeed.conf_(Other)_,infra/files/nginx-confs/subfolders/lidarr.conf_(Other)_,infra/files/nginx-confs/subfolders/monica.conf_(Other)_,infra/files/nginx-confs/subfolders/nzbget.conf_(Other)_,infra/files/nginx-confs/subfolders/ombi.conf_(Other)_,infra/files/nginx-confs/subfolders/qbittorrent.conf_(Other)_,infra/files/nginx-confs/subfolders/radarr.conf_(Other)_,infra/files/nginx-confs/subfolders/smokeping.conf_(Other)_,infra/files/nginx-confs/subfolders/sonarr.conf_(Other)_,infra/files/nginx-confs/subfolders/tautulli.conf_(Other)_,infra/files/scripts/arch/rankmirrors.sh_(Other)_,infra/group_vars/adguard.yaml_(Other)_,infra/group_vars/all.yaml_(Other)_,infra/group_vars/awesomo.yaml_(Other)_,infra/group_vars/cartman.yaml_(Other)_,infra/group_vars/cloud.yaml_(Other)_,infra/group_vars/db.yaml_(Other)_,infra/group_vars/hassio.yaml_(Other)_,infra/group_vars/mb.yaml_(Other)_,infra/group_vars/quassel.yaml_(Other)_,infra/hosts_(Other)_,infra/makefile_(Other)_,infra/requirements.yaml_(Other)_,infra/roles/ktz-cartman/files/etc/samba/smb.conf_(Other)_,infra/roles/ktz-cartman/handlers/main.yml_(IaC)_,infra/roles/ktz-cartman/tasks/disks.yml_(IaC)_,infra/roles/ktz-cartman/tasks/file-sharing.yml_(IaC)_,infra/roles/ktz-cartman/tasks/main.yml_(IaC)_,infra/roles/ktz-cartman/tasks/sysctl.yaml_(IaC)_,infra/roles/ktz-cartman/tasks/telegraf-fix.yaml_(IaC)_,infra/run.yaml_(Other)_,infra/vars/vault.yaml_(Other)_
6733e140727ebabec4462bde6607bd7585c3084f
6fb8051391f7ae5482acf99928da702ed665bc6f,infra/group_vars/cartman.yaml_(Other)_
1d0c5513f2e3c72d85eea0d063fbdebb621aadd4,infra/group_vars/cartman.yaml_(Other)_
cb548ad8065707dcbfec9d4d5816eb7156549c00,infra/files/nginx-confs/subdomains/tiddlywiki.conf_(Other)_,infra/group_vars/cartman.yaml_(Other)_
27d9e2ff369d45745c44a6374dcb4c4f480f5ec9,infra/requirements.yaml_(Other)_,infra/run.yaml_(Other)_
80141ec9cded0fdb3ebf17dee862e05b77c02bd0,infra/files/nginx-confs/subdomains/ha.conf_(Other)_,infra/group_vars/cartman.yaml_(Other)_
04424edc32ed49c6d37ed85aef5203be58daed71,infra/files/nginx-confs/subdomains/ha.conf_(Other)_
f74bdc4cca0b0e6ae8cf66477b5e1a6ff4c03042,infra/group_vars/cartman.yaml_(Other)_
9ff4cbb4c674959470fa6b5c2ee067c63f448400,infra/files/nginx-confs/subdomains/grocy.conf_(Other)_,infra/group_vars/cartman.yaml_(Other)_
c20474437000d37d6149ec0e53ac42f0b9b19191,infra/files/nginx-confs/subdomains/brent_invoiceninja.conf_(Other)_
717b89ecb031eb6728da40bd3ba9bfdbb72f9cc7,infra/group_vars/bastion.yaml_(Other)_,infra/hosts_(Other)_,infra/makefile_(Other)_,infra/run.yaml_(Other)_
c38111ac01e52a4ca5d5501928f662b764a3343b,infra/group_vars/cartman.yaml_(Other)_
12ad5ec6d95a7d5d255095bb23967ca848cdd95e,infra/makefile_(Other)_,infra/run.yaml_(Other)_
da8308e9e04cf04785d9baa29111419cd5ffe63f,infra/makefile_(Other)_
affee0f395c495c13417022ea31efddb273ca26d,infra/group_vars/cartman.yaml_(Other)_
42d6193a3adb9e48bc5e89d52321e5c7b8fc2037,infra/roles/ktz-cartman/files/etc/samba/smb.conf_(Other)_
1ee7eeb88b000db610bee7c54ebf3fecfec2e302,infra/roles/ktz-cartman/files/etc/samba/smb.conf_(Other)_
272b692e884d30730f7a0adf12c9c978f98d0b3d,infra/group_vars/cartman.yaml_(Other)_
f3e08e18a8524edb98a25ad813ee8bc4f4139bf8,infra/makefile_(Other)_
440d2422c173f4d6183e939b0934d9cb47cce7c2,infra/vars/vault.yaml_(Other)_
3a43c9dcbd70555a2d55e2bd069976eb964ddc52,infra/files/scripts/git-init/git-init.sh_(Other)_,infra/files/scripts/git-init/git-pre-commit_(Other)_,infra/git-init.sh_(Other)_,infra/vars/vault.yaml_(Other)_
c73c42f536ad73ebbf6203b93633d912dfbb3941,infra/git-init.sh_(Other)_,infra/vars/vault.yaml_(Other)_
f79e2d069e1a77795eab2d0e40d3989220b7bb5f,infra/vars/vault.yaml_(Other)_
b7590be9a64595e7ef658e160918b0e94852b610,infra/dev/traefik/docker-compose.yaml_(Other)_,infra/vars/vault.yaml_(Other)_
689b552c4ea1950182b686be9f1eb0eff593ebab,infra/vars/vault.yaml_(Other)_
1639a842c403100c72190b645aafa77a69589987,infra/terraform/cloud/main.tf_(Other)_,infra/terraform/cloud/variables.tf_(Other)_
016e01c1c8d8eba7cf0496f3076452e791e42760
a339af8eea97e103c56488046820145d4a6e1c13
d6d71ad57984ee4daf1584ecd9fbf1ee1ee13649,infra/group_vars/cartman.yaml_(Other)_,infra/vars/vault.yaml_(Other)_
34a05bf5492c0edb0e04894f32c641d0097c27ba,infra/group_vars/cartman.yaml_(Other)_
7c2ec72263c086b6cb99d3c803bd5501a9fc4757,infra/group_vars/cartman.yaml_(Other)_
9304d7a929f37432f235b23d3f226eabec7cfd2d,infra/group_vars/cartman.yaml_(Other)_,infra/vars/vault.yaml_(Other)_
33c151bd2cc282b2f83ae8b7f8979af7499d7777,infra/dev/traefik/docker-compose.yaml_(Other)_
ab33a3ca3b184f9940a21ee9209b199a8db9d232,infra/group_vars/bastion.yaml_(Other)_,infra/group_vars/cartman.yaml_(Other)_
4e47aea8bff84f9d3cb26caf5a455efde22ab82b,infra/group_vars/cartman.yaml_(Other)_
9009f734242078d90ad9a10a4f1a1e04ee3c1bfb,infra/group_vars/cloud.yaml_(Other)_,infra/makefile_(Other)_,infra/terraform/binaries/0.12/terraform-0.12.25.REMOVED.git-id_(Other)_,infra/terraform/cloud/main.tf_(Other)_,infra/terraform/vpctest/main.tf_(Other)_
1b446535ca7e482b0cedcc91036924eb74c145c2,infra/group_vars/cartman.yaml_(Other)_,infra/vars/vault.yaml_(Other)_
1c8a8598d6996412bccba2dfc0a583e46131de4c,infra/group_vars/cartman.yaml_(Other)_,infra/vars/vault.yaml_(Other)_
918778d66c162433b1c3da786272b9a832d23046,infra/vars/vault.yaml_(Other)_
b1a34d286b3a64dbbb4c949c0fa0677021a84906,infra/group_vars/cartman.yaml_(Other)_
4451b4e8e2ebf709daae201d1854d854bf92c4ec,infra/group_vars/cartman.yaml_(Other)_
b6f83fab6ae8de2f335528e520a74e2946db8e28
2b719452f06aa9962bef30b8648b771752e41d6f,infra/group_vars/cartman.yaml_(Other)_
26e8396b6166af68ed1f219ccc0dfbfb56ff1b1f,infra/files/nginx-confs/subdomains/nextcloud.conf_(Other)_,infra/files/nginx-confs/subfolders/booksonic.conf_(Other)_,infra/files/nginx-confs/subfolders/calibre.conf_(Other)_,infra/files/nginx-confs/subfolders/grafana.conf_(Other)_,infra/files/nginx-confs/subfolders/librespeed.conf_(Other)_,infra/group_vars/cartman.yaml_(Other)_,infra/vars/vault.yaml_(Other)_
7bb990657c0ee3ebda30f732a4cbdfd83a12276c,infra/files/nginx-confs/subdomains/lychee.conf_(Other)_
6ef039310298c2186948ebe1b042aabffb027228,infra/files/nginx-confs/subfolders/booksonic.conf_(Other)_
28d1d5b0866a6fd830eef33098955bf5bfd37b45,infra/group_vars/cartman.yaml_(Other)_
0a73c6b1db4eac250598371fa1801783b6d9bbb7,infra/vars/vault.yaml_(Other)_
e808be18a19b86ca72655c19616de4e55682afe0,infra/files/nginx-confs/subdomains/stikked.conf_(Other)_,infra/group_vars/cartman.yaml_(Other)_
5420fa4241f0aa6e32175570b89b15ed735c1d36,infra/ansible.cfg_(Other)_
694cb94f7f31a7ae0df5d337a170a9019d8f5456,infra/update-ssh-keys.yaml_(Other)_
1f7dba05e5a592a9ba1aeb09e7bceab4e136c9f4,infra/update-ssh-keys.yaml_(Other)_
7474ed547df928c607b054a26784bb1298dd7d04
2687d33b4475defb9882e4e6e3d8fc4b030ef73c,infra/files/ssh-config_(Other)_,infra/makefile_(Other)_
14da2d8a115406799fe8ff25e77009fec015ec4c,infra/files/ssh-config_(Other)_,infra/makefile_(Other)_
0eaa885647cb8e2f9f9a8f376c44cbd802b0862f,infra/terraform/binaries/0.12/terraform-0.12.25.REMOVED.git-id_(Other)_
a3c9ae9e3be5199714b83d83ee7cbbb326985963,infra/terraform/binaries/0.12/terraform-0.12.25.REMOVED.git-id_(Other)_
1e01ddda97ab347a80bfd9bfa62bf5778f800553,infra/makefile_(Other)_,infra/ssh-keys.yaml_(Other)_
9deeaab79f04a3ff9d1e7ce06f6702a607cc6a54,infra/makefile_(Other)_,infra/update.yaml_(Other)_
47e552eb55a9c94728c5a30118d9727049db6e5b,infra/files/nginx-confs/nginx-default_(Other)_,infra/group_vars/cartman.yaml_(Other)_
08089ff07bf08fc08253f891d95a67c73497b9e5,infra/files/nginx-confs/subdomains/invoiceninja.conf_(Other)_
5d9b381d88d3a7a2f904935dd1d78d2aff233546
aed780f9579ec91babd361fd9cb0f9684d33a602
bfec54479dcfbd1c13deb942a7737f898c33dc49,infra/group_vars/cartman.yaml_(Other)_
b0374f394ed5499b9febb304e01cafdf21072986,infra/files/nginx-confs/subdomains/invoiceninja.conf_(Other)_
d685d909a1c5092f1ef8e43a5cb09920e14f2745,infra/run.yaml_(Other)_
3202fdd85185f8fffd9713b62630f93b91cdf711,infra/roles/ktz-cartman/tasks/main.yml_(IaC)_,infra/roles/ktz-cartman/tasks/nginx.yaml_(IaC)_
f34111805eba784062cfff85d9ffc7238bbd98b3,infra/requirements.yaml_(Other)_
175981ae23a95a444b58413a1dd35d9d5a36f583,infra/group_vars/cartman.yaml_(Other)_
cfb33f286c52ba2c33bf3aa86a60df969f8ffb87,infra/files/nginx-confs/subdomains/funkwhale-multi.conf_(Other)_,infra/files/nginx-confs/subfolders/monica.conf_(Other)_
884ab574f2288c87b416525a310e2ea8eb435312,infra/group_vars/all.yaml_(Other)_
2367bdadac1d1abb58a9cda44f669f5ff82120c9,infra/group_vars/cartman.yaml_(Other)_
80e3da15167b2bec5f267a257cec37788e406ad0,infra/group_vars/cartman.yaml_(Other)_
530cc54ccc5eb0334ed1b42d88997fe4e0ae8a98
ed36a65380abbacca746816fddfe02c3f5df0844,infra/group_vars/cartman.yaml_(Other)_
93b324fd787e54980ada4ebcd9fed2a1e33c129f
94a34bab0f280aa81afd6f47174d8cb7456d0c8d,infra/group_vars/cartman.yaml_(Other)_
bbda42e61c5eaaff73069776a5bb288432625eaa,infra/group_vars/adguard.yaml_(Other)_,infra/group_vars/awesomo.yaml_(Other)_,infra/group_vars/cloud.yaml_(Other)_,infra/group_vars/db.yaml_(Other)_,infra/group_vars/hassio.yaml_(Other)_,infra/group_vars/quassel.yaml_(Other)_,infra/terraform/vpctest/main.tf_(Other)_
7ffce3a197cf7bd34612de8ad3ee35707986b546,infra/group_vars/bastion.yaml_(Other)_
c3106a0b390b88888e09c2b5b2a139a902adc4fb
7b3c7b42f056e492926ad16be93537ece346f0df,infra/files/nginx-confs/subfolders/chowdown.conf_(Other)_,infra/group_vars/cartman.yaml_(Other)_
396c5fe92000038c3a3ef81843a488faf751aeea,infra/group_vars/cartman.yaml_(Other)_,infra/vars/vault.yaml_(Other)_
0df5e6f9fa58b5f5040eb35a28f1bd9f4c5adfc5,infra/terraform/legacy/main.tf_(Other)_,infra/terraform/legacy/variables.tf_(Other)_,infra/terraform/modules/linode-instance/main.tf_(Other)_,infra/terraform/modules/linode-instance/variables.tf_(Other)_,infra/terraform/modules/linode-instance/versions.tf_(Other)_,infra/terraform/selfhosted/main.tf_(Other)_,infra/terraform/selfhosted/variables.tf_(Other)_,infra/terraform/selfhosted/versions.tf_(Other)_
4fd7efd80ca364212e404b53ac60d8d8e21d0cc6,infra/makefile_(Other)_
6048c3e22abd93ff1de72b6350853f21e8aec367,infra/run.yaml_(Other)_
e8dbe900f616a7c3e666100508d699346d541466,infra/files/traefik/rules.yaml_(Other)_,infra/files/traefik/traefik.yaml_(Other)_,infra/group_vars/cartman.yaml_(Other)_,infra/vars/vault.yaml_(Other)_
1f6c4b83c2f7c5ca5c1d6555d0e96142e8c8de37,infra/group_vars/cartman.bak_(Other)_
745279667be0fef7ea12425c33297aa6d2d3f52a,infra/group_vars/all.yaml_(Other)_
acd4f95a8d962b0c89bf14046239fc0ea617f992,infra/files/traefik/traefik.yaml_(Other)_
48400743970a8ff6d63ca024e01b54ec8d03e069,infra/run.yaml_(Other)_
61497ef08bd9a25bd195e9dd7ce0dbb829d4dc71,infra/group_vars/cartman.yaml_(Other)_
b7c52fee59bf5b986661c08fbcc3d3edd61ca871,infra/group_vars/cartman.yaml_(Other)_
7422a4dd84fa7df576a8a9b3a4a5a1dcfb6ce5f3,infra/run.yaml_(Other)_
5c6a46b6b56a04d630fd889e8e1537244698db6c,infra/group_vars/cartman.yaml_(Other)_
bdea3b8ae971ee764a0510a0fabf0e0612e9d433,infra/group_vars/cartman.yaml_(Other)_
64bbc9884508cee98598ecb3a5469c7f8b6890bd,infra/group_vars/cartman.yaml_(Other)_
cfb9f285e5d5f4942d8bcaca1fd15af1fe4f6097,infra/roles/ktz-cartman/tasks/nginx.yaml_(IaC)_
1b363be547f8775aa563e8cc9eb231536cb6cdf3,infra/roles/ktz-cartman/tasks/main.yml_(IaC)_
3604de4d73cbadfc10c707eefe27204dc3fdd6d2,infra/roles/ktz-traefik/tasks/main.yaml_(IaC)_
b7f1e2134b3b67cae12288d73ea222c084a04704,infra/run.yaml_(Other)_
1d03659f3cfc75f439e307a86457e18298f009af,infra/roles/ktz-cartman/tasks/sysctl.yaml_(IaC)_
9cefc8c51c6acec0f76bda6759ea499380a43672,infra/group_vars/cartman.yaml_(Other)_
19a61e91333bc1f226a32141b019b218c48e6e8c,infra/group_vars/cartman.yaml_(Other)_,infra/roles/ktz-traefik/defaults/main.yaml_(Other)_,infra/roles/ktz-traefik/tasks/main.yaml_(IaC)_
6fa4424dca09296ec5d54c6fc5d34e50c9666f3e,infra/group_vars/cartman.yaml_(Other)_
734db3478979a31198db281b5d45c5363dbfaf7e,infra/group_vars/cartman.yaml_(Other)_,infra/roles/ktz-cartman/files/invoiceninja/nginx-ninja.conf_(Other)_
b3d7ad67f4a197b0738ca00c38b3c049032cbabd,infra/group_vars/cartman.yaml_(Other)_,infra/vars/vault.yaml_(Other)_
bf642387bd1eb10461c000b7be0de38f61dbc5b5,infra/group_vars/cartman.bak_(Other)_,infra/group_vars/cartman.yaml_(Other)_
5a5ecc8952438e7a5b5bd7a03d2313b5d06256d1,infra/group_vars/cloud.yaml_(Other)_,infra/makefile_(Other)_,infra/requirements.yaml_(Other)_,infra/vars/vault.yaml_(Other)_
cfb331cdbe27a6a5e7905ce8abb55c0df7e08c1a,infra/roles/ktz-traefik/tasks/main.yaml_(IaC)_
ebe579f64ebcf0607a59417860658cafa8704a06,infra/group_vars/cloud.yaml_(Other)_,infra/makefile_(Other)_
94e6849e9efcc7fc8ed9491940798703178ac299,infra/group_vars/cartman.yaml_(Other)_
3e468a46522354288b59b0bcc8c16d973b0902e4,infra/ansible.cfg_(Other)_
ad433fdce8e97996af5faed6fd55c982905710d8,infra/group_vars/cloud.yaml_(Other)_,infra/vars/vault.yaml_(Other)_
193644af29e86d08741f830631cb56146c0a90b8,infra/group_vars/cloud.yaml_(Other)_,infra/vars/vault.yaml_(Other)_
6c750ac4175fedc6e53cf81dcab2d8a62f7c5120,infra/group_vars/cloud.yaml_(Other)_
f293ade380dbbb66b55ac37dc54ac86d45606725,infra/group_vars/cartman.yaml_(Other)_
21bb142c8a3259515b7b1fe9c08f1ca0ef8147ed,infra/files/traefik/traefik.yaml_(Other)_
0e91dd8eb9dc253018ad778f91bf188b066e70bb,infra/terraform/environments/legacy/main.tf_(Other)_,infra/terraform/environments/legacy/variables.tf_(Other)_
44093a14034b5997a260f3a35d9c7614a0053b9e,infra/group_vars/cartman.yaml_(Other)_
890a71271bb8e9da5c14930d898cba329fc02691,infra/terraform/environments/status/main.tf_(Other)_,infra/terraform/environments/status/terraform.tfvars_(Other)_,infra/terraform/environments/status/variables.tf_(Other)_,infra/terraform/environments/status/versions.tf_(Other)_
cd9d143705ddd8071c644cfd6bed696dfa4b5b52,infra/terraform/selfhosted/main.tf_(Other)_,infra/terraform/selfhosted/variables.tf_(Other)_,infra/terraform/selfhosted/versions.tf_(Other)_
ca484daf41c91015374f81d8f8191a115366fdd2,infra/terraform/modules/vultr-instance/main.tf_(Other)_,infra/terraform/modules/vultr-instance/variables.tf_(Other)_
8752deb04731c6a93c23d9f80c9ed1a920ad2a88,infra/terraform/environments/status/variables.tf_(Other)_
051628afa432ff8f62747b8655693301119a6c24,infra/terraform/environments/status/main.tf_(Other)_,infra/terraform/environments/status/terraform.tfvars_(Other)_,infra/terraform/environments/status/variables.tf_(Other)_
c9c14f48cff21e5582170d668e42000eade58a8f,infra/group_vars/status.yaml_(Other)_,infra/makefile_(Other)_,infra/roles/ktz-status/tasks/main.yaml_(IaC)_,infra/roles/ktz-status/templates/config.yml.j2_(Other)_,infra/run.yaml_(Other)_
025f4ecbd825930c88641c59e30ab8d3a4274380,infra/files/traefik/traefik.yaml_(Other)_
448acfff34c988d78ec8e9964b8dd8a8b1f01323,infra/group_vars/cloud.yaml_(Other)_
05f330b4a0736f40a03bdc8a4eb46eb19f120aaf,infra/vars/vault.yaml_(Other)_
20fa5d03483cbc8a5d590bc3d8ad68dee5ece1df,infra/terraform/environments/status/terraform.tfvars_(Other)_
9aebb60ade057b3ca9d657469ce08d11f7dd0d85,infra/group_vars/cartman.yaml_(Other)_
9ce4d0ce72ee0543a98692282df83d3fba5ddb60,infra/group_vars/cartman.yaml_(Other)_,infra/vars/vault.yaml_(Other)_
5dd7cb8ceb1b68de8b7ea53fb5b1407bd02f513c,infra/group_vars/cartman.yaml_(Other)_
f758f683eda4438c28983b19b24fce12430c940c,infra/group_vars/cartman.yaml_(Other)_
68580f23107dcacd96cf30dd88aa864435e5c4cd,infra/group_vars/cartman.yaml_(Other)_
23c4a03faffc6edc763b816659f98990daa7a29f,infra/group_vars/cartman.yaml_(Other)_
1409e6c3a71ec76db0b4fc25c31afc36071cfbce,infra/ansible.cfg_(Other)_
697390887cf7f9113d9c2e26e9ac74775c26ace4,infra/files/sanoid/sanoid.conf_(Other)_,infra/group_vars/cartman.yaml_(Other)_,infra/roles/ktz-sanoid/tasks/main.yaml_(IaC)_,infra/run.yaml_(Other)_
8adb6eb40911f5ef8fdb4b9db438b006d38452b5,infra/files/traefik/traefik.yaml_(Other)_
a20b07cb49de6c42653223a36059e5f8f1491210,infra/roles/ktz-figurine/tasks/main.yaml_(IaC)_,infra/roles/ktz-figurine/templates/figurine.sh.j2_(Other)_
15e297e8031af3070a49a594e4d1b475a8979e13,infra/run.yaml_(Other)_
f5cf0fbfaf74132b82b1dacb7c0d789ec9f0d395,infra/group_vars/bastion.yaml_(Other)_,infra/group_vars/cartman.yaml_(Other)_,infra/group_vars/cloud.yaml_(Other)_,infra/group_vars/status.yaml_(Other)_,infra/roles/ktz-figurine/templates/figurine.sh.j2_(Other)_,infra/run.yaml_(Other)_
39988f59c6ba6bc264bf148c6a854f8a2869b289,infra/group_vars/cloud.yaml_(Other)_,infra/group_vars/status.yaml_(Other)_,infra/vars/vault.yaml_(Other)_
bada5388340e28b5d55a706a4fdeaa18dea6b912,infra/group_vars/cartman.yaml_(Other)_
3c1d3d4f57902056f8e61eb9129c5a50fc8c8201,infra/group_vars/cartman.yaml_(Other)_,infra/group_vars/cloud.yaml_(Other)_,infra/group_vars/status.yaml_(Other)_,infra/roles/ktz-traefik/defaults/main.yaml_(Other)_,infra/roles/ktz-traefik/tasks/main.yaml_(IaC)_,infra/roles/ktz-traefik/templates/traefik.yaml.j2_(Other)_
3ee5435e8ca6f3f7ee7cfcd8587b82b4b841ede1,infra/files/traefik/rules.yaml_(Other)_
47300cad7de5ee652b3088ec81610c804c39b010,infra/group_vars/cartman.yaml_(Other)_
d27c93742789f5f21b5bebe659700324485a1207,infra/group_vars/cartman.yaml_(Other)_,infra/group_vars/helios64.yaml_(Other)_,infra/makefile_(Other)_,infra/roles/ktz-helios64/files/etc/samba/smb.conf_(Other)_,infra/roles/ktz-helios64/handlers/main.yml_(IaC)_,infra/roles/ktz-helios64/tasks/disks.yml_(IaC)_,infra/roles/ktz-helios64/tasks/file-sharing.yml_(IaC)_,infra/roles/ktz-helios64/tasks/main.yml_(IaC)_,infra/roles/ktz-helios64/tasks/telegraf-fix.yaml_(IaC)_,infra/run.yaml_(Other)_
d0825a990d2c101a5da6d2d1e65f7a54bb00712a,infra/group_vars/all.yaml_(Other)_,infra/group_vars/unas.yaml_(Other)_,infra/makefile_(Other)_,infra/requirements.yaml_(Other)_,infra/run.yaml_(Other)_
a62e1edb79f19dd5701a370eed97d2a6246a7a67,infra/group_vars/all.yaml_(Other)_,infra/group_vars/cartman.yaml_(Other)_,infra/run.yaml_(Other)_,infra/vars/vault.yaml_(Other)_
7b6d8e5f7d7da131a0acfb7ea1581524a613f65b,infra/files/sanoid/sanoid-cartman.conf_(Other)_,infra/files/sanoid/sanoid-cloud.conf_(Other)_,infra/group_vars/cartman.yaml_(Other)_,infra/group_vars/cloud.yaml_(Other)_,infra/roles/ktz-figurine/tasks/main.yaml_(IaC)_,infra/roles/ktz-sanoid/defaults/main.yaml_(Other)_,infra/roles/ktz-sanoid/tasks/main.yaml_(IaC)_,infra/roles/ktz-sanoid/tasks/replication.yaml_(IaC)_,infra/roles/ktz-sanoid/tasks/sanoid.yaml_(IaC)_,infra/run.yaml_(Other)_,infra/vars/vault.yaml_(Other)_
3a1abf30a5ea1d39598b203b4a1238ee7d1e1cb0,infra/group_vars/cartman.yaml_(Other)_
d0167b95007326738f511daeb554f9eb8d82a918,infra/group_vars/cartman.yaml_(Other)_
28038235c3c03fe520d6635d438be4106bf6bf3f,infra/group_vars/cloud.yaml_(Other)_
3038bc16ea47dda68b240706aec3b9a3d8f9383b,infra/group_vars/cartman.yaml_(Other)_
79e371caf1ae43a91b6c18258a7ee1a308314c30,infra/group_vars/cartman.yaml_(Other)_
7dda0bc7cbb9a38e17561c80f40f518b9f472ef7,infra/group_vars/cartman.yaml_(Other)_,infra/roles/ktz-cartman/default/main.yml_(IaC)_,infra/roles/ktz-cartman/files/etc/systemd/system/docker.service.d/zfs-override.conf_(Other)_,infra/roles/ktz-cartman/handlers/main.yml_(IaC)_,infra/roles/ktz-cartman/tasks/docker-zfs-override.yml_(IaC)_,infra/roles/ktz-cartman/tasks/main.yml_(IaC)_
b0b7da034ce3575044356626875199b5100715ca,infra/group_vars/cloud.yaml_(Other)_,infra/group_vars/helios64.yaml_(Other)_
29d906ef38df60b1deca2c0aaf08f431d7232cf2,infra/group_vars/cartman.yaml_(Other)_
7d31fd203fd5b687c87de915a651bae9111d1706,infra/git-init.sh_(Other)_
d5c22f04a44729491fa6ba83a5ed467370cd6fbe,infra/git-init.sh_(Other)_
a94f63a640e8b13d861beadfad877d96eccb3ade,infra/group_vars/cartman.yaml_(Other)_,infra/vars/vault.yaml_(Other)_
d9b3a990bc84a9abd6be20f2e89400c799410207,infra/group_vars/cartman.yaml_(Other)_,infra/roles/ktz-sanoid/defaults/main.yaml_(Other)_,infra/roles/ktz-sanoid/tasks/sanoid.yaml_(IaC)_
6b9dfcbfbb3ab4c439c96c8ac179c434af86e670,infra/group_vars/cloud.yaml_(Other)_
0362d0d101050dfae33407c26f9c6d709429cd41,infra/group_vars/cartman.yaml_(Other)_
95b11e0e4208c8f79069a84ca3cc3355718f8ab8,infra/group_vars/pennywise.yaml_(Other)_
df80edeabd1213e17fe7c1e5a625544b75316b2f,infra/group_vars/cartman.yaml_(Other)_
78e00471829790022cf7243afc2b4e84c0451b51,infra/group_vars/cartman.yaml_(Other)_
c26357cc53ec76fea279bf06f270236d800c269c,infra/group_vars/cartman.yaml_(Other)_
7c8cf7a2f3ba390c90707cbc37ba2ed54bcfb0b8,infra/group_vars/cartman.yaml_(Other)_,infra/group_vars/morpheus.yaml_(Other)_,infra/group_vars/unas.yaml_(Other)_,infra/makefile_(Other)_,infra/run.yaml_(Other)_
f6fb5780d09c93ce01fdb5659795af53dbbcb92a,infra/group_vars/cloud.yaml_(Other)_,infra/vars/vault.yaml_(Other)_
8c65ca742c4298b00e67bbcae1bae1c826fd67e3,infra/run.yaml_(Other)_
9dc99f909ab6916a1ff4922b24a76884d1a7dbfd,infra/files/traefik/rules.yaml_(Other)_,infra/group_vars/bastion.yaml_(Other)_,infra/group_vars/cartman.yaml_(Other)_,infra/makefile_(Other)_,infra/run.yaml_(Other)_,infra/vars/vault.yaml_(Other)_
c9163751670ecff1a72c9fe36379254a43e13229,infra/group_vars/cartman.yaml_(Other)_
dc37ffbac70dca5d27fd1ed16283fc59ea3469de,infra/files/sanoid/sanoid-morpheus.conf_(Other)_,infra/group_vars/morpheus.yaml_(Other)_,infra/roles/ktz-cartman/tasks/main.yml_(IaC)_,infra/run.yaml_(Other)_
696bd8019c5198521b8c17625a21094fcf9197ee,infra/group_vars/morpheus.yaml_(Other)_
8eecd9d05354487558f5aa5058a8c4317295daf4,infra/files/sanoid/sanoid-morpheus.conf_(Other)_,infra/group_vars/morpheus.yaml_(Other)_
b4bb8280e8424a3eb49bf5c5eaf0cb5a89fa7b09,infra/group_vars/morpheus.yaml_(Other)_,infra/vars/vault.yaml_(Other)_
e1633cea22ba99356b18841d5410db537d0f213a,infra/group_vars/morpheus.yaml_(Other)_,infra/vars/vault.yaml_(Other)_
6ca98a89b1e7927009515105088ec34e45deaed9,infra/group_vars/morpheus.yaml_(Other)_
562cfb7f85af8c2c7ed5e6d64bd503c135e4d08d,infra/group_vars/morpheus.yaml_(Other)_
aa69e850c6736cc44b437f7dd22dfda8951a2c75,infra/group_vars/morpheus.yaml_(Other)_
d21ba354078cdd11ebfe1c794aea23d9dc1644da,infra/group_vars/morpheus.yaml_(Other)_
70331a2f6a150be873a28abbef8468490d50ad2b,infra/group_vars/morpheus.yaml_(Other)_
5a005558bd640e8ebc8b8d3da2eb03042589dfe3,infra/files/traefik/rules.yaml_(Other)_
bd9749a315f1bf9e24acbcfc3c68612268c44b9b,infra/files/traefik/rules.yaml_(Other)_
275e4aca97eb38fb7436e88463f98a72777b1f98,infra/group_vars/morpheus.yaml_(Other)_
793b23ef7b80236df1d959864e3ce79b7155030e
a00a94aba92f45ed495f1392510e58b4dc0fcccc,infra/terraform/environments/proxmox/main.tf_(Other)_,infra/vars/vault.yaml_(Other)_
3ca8be019c51c222a5443d6ee273cb8d6ac00d3c,infra/group_vars/cartman.yaml_(Other)_
db0a4146c536a3216b16f6319d0fea9d213bef58,infra/group_vars/all.yaml_(Other)_,infra/group_vars/cloud.yaml_(Other)_,infra/group_vars/morpheus.yaml_(Other)_
5438248566b90ea54501b66db82576f1c04f5de0,infra/makefile_(Other)_,infra/roles/ktz-fancontrol/files/etc/fancontrol_(Other)_,infra/roles/ktz-fancontrol/tasks/main.yaml_(IaC)_,infra/run.yaml_(Other)_
d108590a81a2e790f2d052de98eb8e769a2fffe4,infra/roles/ktz-helios64/files/etc/samba/smb.conf_(Other)_,infra/roles/ktz-helios64/handlers/main.yml_(IaC)_,infra/roles/ktz-helios64/tasks/disks.yml_(IaC)_,infra/roles/ktz-helios64/tasks/file-sharing.yml_(IaC)_,infra/roles/ktz-helios64/tasks/main.yml_(IaC)_,infra/roles/ktz-helios64/tasks/telegraf-fix.yaml_(IaC)_
dd2ea51947ae439f9d01171e6dbd565c1d338377,infra/group_vars/helios64.yaml_(Other)_
e25d239d3575d0718af131b323a2aa28bd986525,infra/files/traefik/rules.yaml_(Other)_
b69ea26175b9bd6768b942bcebcb14765436485d,infra/group_vars/bastion.yaml_(Other)_,infra/group_vars/status.yaml_(Other)_
98c69d37b2fc3382161cfb961ff4888b550d7fa6,infra/group_vars/morpheus.yaml_(Other)_
859820c793c0370a4b0ea82d9486ef00a24e6508,infra/group_vars/morpheus.yaml_(Other)_,infra/vars/vault.yaml_(Other)_
95f02c9c6b0eba49bb3baea85a75516cb36f3ec5,infra/run.yaml_(Other)_
575646bc4ffbbc9c0077f604f700048820cccded,infra/roles/ktz-traefik/tasks/main.yaml_(IaC)_,infra/roles/ktz-traefik/templates/rules.yaml.j2_(Other)_
1714a8b6fc7af25b3c76b4e3eb1005ddc596ab86,infra/group_vars/backup.yaml_(Other)_,infra/makefile_(Other)_,infra/roles/ktz-sanoid/tasks/main.yaml_(IaC)_,infra/roles/ktz-sanoid/tasks/sanoid.yaml_(IaC)_,infra/run.yaml_(Other)_
a5194d03b841f2c4c0a3cb829dbd28d5b8e0b791,infra/group_vars/morpheus.yaml_(Other)_
d7e129c71011fce7946b5453fd9a46c9d2b42173
02c3158aed0c0042d4a401a75af4de368abcb25c,infra/roles/ktz-boot-notification/tasks/apprise.yaml_(IaC)_,infra/roles/ktz-boot-notification/tasks/arch-setup.yaml_(IaC)_,infra/roles/ktz-boot-notification/tasks/main.yaml_(IaC)_,infra/roles/ktz-boot-notification/templates/booted.sh.j2_(Other)_,infra/run.yaml_(Other)_,infra/vars/vault.yaml_(Other)_
9894ba4b31369b3793ef2010f33c2db59569da04,infra/makefile_(Other)_,infra/roles/ktz-boot-notification/tasks/apprise.yaml_(IaC)_,infra/roles/ktz-boot-notification/templates/booted.sh.j2_(Other)_,infra/run.yaml_(Other)_
9ab3379ee623dffafcb7ec7a1a6e1eb129f02a69
747e73d499e8986b916f2c0081b89663ed31d855,infra/group_vars/morpheus.yaml_(Other)_
7d95a0c8dd8ef7e16124b27db2d530793326c67c
1323eccda6868b134826179b6bb3465c751d208a,infra/group_vars/backup.yaml_(Other)_,infra/roles/ktz-sanoid/tasks/main.yaml_(IaC)_,infra/roles/ktz-sanoid/tasks/sanoid.yaml_(IaC)_,infra/run.yaml_(Other)_
bc00380a69306dcfe2a3934bf81378583018eb14,infra/group_vars/backup.yaml_(Other)_,infra/run.yaml_(Other)_
bdff7504b1b0d6cdfa8c308f684562474de4cf34,infra/group_vars/backup.yaml_(Other)_,infra/run.yaml_(Other)_,infra/vars/vault.yaml_(Other)_
3a95b902837886ffb7f8d14170ef9b7ca743b497,infra/group_vars/cloud.yaml_(Other)_
cb932b1f7485dffc5ed3390501084a15f5846e34,infra/group_vars/backup.yaml_(Other)_,infra/vars/vault.yaml_(Other)_
24ae9fc07e1744ef9273f851c50dd649e10f966b,infra/group_vars/backup.yaml_(Other)_,infra/vars/vault.yaml_(Other)_
fc2cf9913ec603a2e2c0c97d88c1c6bb92a07394,infra/group_vars/backup.yaml_(Other)_
02ebf4f0487284aafea3cc1cf0112441ab55cd05,infra/group_vars/backup.yaml_(Other)_,infra/group_vars/cloud.yaml_(Other)_,infra/vars/vault.yaml_(Other)_
db6e308ffd295e9b897ac71b760077e6690cc6ea,infra/group_vars/backup.yaml_(Other)_,infra/vars/vault.yaml_(Other)_
d18bf42e5d3e125955989c4d2e61bfb7d088870e
c0f8c78f977232169dd77fe0b7b4f3a34eab60f8,infra/roles/ktz-traefik/templates/rules.yaml.j2_(Other)_
951540e98a6ecaee1056d7f2b4f58711b34b0065,infra/roles/ktz-traefik/templates/rules.yaml.j2_(Other)_
7f0406829887f0ac545a916fb7e6f36f4a3c166a,infra/group_vars/morpheus.yaml_(Other)_
f6cadb52c3ca80abf843337e31595f561abdafcc,infra/group_vars/cloud.yaml_(Other)_
a8eda41e9b2cbb12cd0ef35f680d7b4b23de4f16,infra/run.yaml_(Other)_
4592894f3cb446bd6de305f7f6cc2790fe21956e,infra/group_vars/dhcp.yaml_(Other)_,infra/makefile_(Other)_,infra/roles/ktz-dhcp/defaults/main.yaml_(Other)_,infra/roles/ktz-dhcp/tasks/main.yaml_(IaC)_,infra/roles/ktz-dhcp/templates/dhcpd.conf.j2_(Other)_,infra/run.yaml_(Other)_
c12c23ce1ffba7a2bcb5f7ccc15a32476a6d8b91,infra/group_vars/dhcp.yaml_(Other)_,infra/roles/ktz-dhcp/templates/dhcpd.conf.j2_(Other)_
6946e7b300609e47fb73850363883a6cfcbf6933,infra/group_vars/dhcp.yaml_(Other)_,infra/roles/ktz-dhcp/templates/dhcpd.conf.j2_(Other)_
9eb501a626b44a4d780176cc69de2c89d5ae3a93,infra/group_vars/dhcp.yaml_(Other)_
0a8215ba5505d41ec4d353b5f502ef137dd3a9b2,infra/group_vars/dhcp.yaml_(Other)_
df9be3f7c4b939d7d1290c470dab4e71c5eef2ed,infra/roles/ktz-dhcp/templates/dhcpd.conf.j2_(Other)_
332d57f5dde4b9e1dfbac0c05454df4b64dde1e5,infra/group_vars/dhcp.yaml_(Other)_
5854a93b560ad3503f79ca5847d2f628ad612e6d,infra/group_vars/dhcp.yaml_(Other)_
9984eab44c7cf0f26d3250d20f38708d1a5762f2,infra/roles/ktz-dhcp/tasks/main.yaml_(IaC)_
7d947260f27c08dba70765e8f4ff24fb8a3c35de,infra/group_vars/dhcp.yaml_(Other)_
d57ed67a8eda5a4f2788b63b668e41fc1198d19a,infra/roles/ktz-dhcp/tasks/duplicate_macs.yaml_(IaC)_,infra/roles/ktz-dhcp/tasks/main.yaml_(IaC)_,infra/roles/ktz-dhcp/tasks/template_config.yaml_(IaC)_
6035bffdcfee0a87dadb18cd31938d3f1157558e,infra/group_vars/dhcp.yaml_(Other)_
fae672a982ee5f3f4c2ae223d69b0354f3d08146,infra/group_vars/dhcp.yaml_(Other)_
d43bb9a2bb551bc13cbf2d6f683f5a073eb47755,infra/group_vars/dhcp.yaml_(Other)_
ad01686ee799a7bbf4bc1e2bc067f7c19c3624c5,infra/group_vars/morpheus.yaml_(Other)_
4a7f2e108966683424810a82d93adb0ed9e4d49a,infra/vars/vault.yaml_(Other)_
1e62be4de27f19b2aced3279652bfdfedfeee9d9,infra/group_vars/cloud.yaml_(Other)_
ca7d6205ff25200dcbddf41ff6588794e714966d,infra/group_vars/morpheus.yaml_(Other)_,infra/vars/vault.yaml_(Other)_
45448893c44729ae92b5304976bf05933ef5aad8,infra/group_vars/morpheus.yaml_(Other)_
9cd5dd0197d4465d8417857698761162982f419d,infra/group_vars/morpheus.yaml_(Other)_,infra/roles/ktz-traefik/templates/rules.yaml.j2_(Other)_,infra/vars/vault.yaml_(Other)_
13c0ba90d177c5a2d4a0e17822793fd8ab968009,infra/group_vars/morpheus.yaml_(Other)_
88b833a75b3d904f87902d210a86ab08271e0441,infra/group_vars/morpheus.yaml_(Other)_
63a2d8a32aea261a64db58255fd69362e20c9e40,infra/group_vars/morpheus.yaml_(Other)_
c3ad20062bc58f0e6ee8aa5b40a6cd6c5abb298a,infra/group_vars/morpheus.yaml_(Other)_
b23ce8b7b9a405526ed9d669f6a6dfce5e5059d2,infra/files/sanoid/sanoid-morpheus.conf_(Other)_,infra/group_vars/morpheus.yaml_(Other)_,infra/vars/vault.yaml_(Other)_
e6e450fdf17fc56977d7edf67d81be65f4e12b2b,infra/group_vars/cloud.yaml_(Other)_
79fe9138753c655a365e8b32e12dec3e77f71aa4,infra/group_vars/morpheus.yaml_(Other)_,infra/vars/vault.yaml_(Other)_
93bb864d8b13c2d22da9d1e7116c297622df1767,infra/group_vars/morpheus.yaml_(Other)_
43df0db34c9ae09800f7aa4cf1775b06fe0716d9,infra/group_vars/morpheus.yaml_(Other)_
85bb9dd5d6953c59b041f1b2eded84316916f39a,infra/group_vars/morpheus.yaml_(Other)_,infra/roles/ktz-sanoid/tasks/main.yaml_(IaC)_,infra/roles/ktz-sanoid/tasks/sanoid.old_(Other)_,infra/roles/ktz-sanoid/tasks/sanoid.yaml_(IaC)_
53f8d21c6f5e4124c3e103c93c55eae0f95487de,infra/group_vars/morpheus.yaml_(Other)_
6a02ad849fd0ffe0746bb5bcdd59c4901566ca87,infra/group_vars/morpheus.yaml_(Other)_,infra/run.yaml_(Other)_
f93bab57b7715d89ac6813e1a9dec92a1dab917e,infra/group_vars/morpheus.yaml_(Other)_
ba59d04b514652577d5956c3c36ee469d654ccc7,infra/group_vars/morpheus.yaml_(Other)_
753dbfe97f5a3e51a8810f134efb52f6aef2c1d0,infra/group_vars/cloud.yaml_(Other)_
c8a23103ce05b09fdafbc2d677277c2d081977b7,infra/group_vars/morpheus.yaml_(Other)_,infra/vars/vault.yaml_(Other)_
e524578f24c988b19224c39b5c042924e7782cc4,infra/roles/ktz-apcupsd/tasks/main.yml_(IaC)_,infra/run.yaml_(Other)_
f6cc8ff0bbae53fe769a9319ea8fc04e722192e5,infra/group_vars/morpheus.yaml_(Other)_
c0f0c2c3f0f7cc610aba3494ea06677167fd059c,infra/group_vars/morpheus.yaml_(Other)_
37692b2e2a9da8ed9d2774975b85161f0fb55382,infra/group_vars/morpheus.yaml_(Other)_
1c33201e1f17974a0b6efe430a33f4372e814d20,infra/group_vars/morpheus.yaml_(Other)_,infra/roles/ktz-authelia/templates/configuration.yml.j2_(Other)_,infra/roles/ktz-authelia/templates/users.yml.j2_(Other)_,infra/run.yaml_(Other)_,infra/vars/vault.yaml_(Other)_
c06bb61e187425585a164d42c3b97a01722f06f9,infra/roles/ktz-apcupsd/tasks/main.yml_(IaC)_,infra/roles/ktz-authelia/tasks/main.yml_(IaC)_,infra/roles/ktz-boot-notification/tasks/apprise.yaml_(IaC)_
538e237aceea588e83b0bca4a27f63bc6830fdbc,infra/group_vars/morpheus.yaml_(Other)_
801c0d8b84019e951934ee8311bac9e045e54efc,infra/group_vars/morpheus.yaml_(Other)_
47f485de27db0f06a35b6f38a10e1788e4637562,infra/group_vars/morpheus.yaml_(Other)_
176c0d65b000f3842481117a4160964a695741eb,infra/group_vars/morpheus.yaml_(Other)_
0f539f02cf9570a06b69160f5b14ecaa75f466a8,infra/group_vars/morpheus.yaml_(Other)_
dc2c7a07805b02597d6dfe27012c5a1973820406,infra/group_vars/morpheus.yaml_(Other)_
4b572c69a42c9b1363b59db6e2e4bfdfb11acf9c
722cb1ff4363597557c57c1b42478e6d5760aae3,infra/group_vars/morpheus.yaml_(Other)_
94f0a6feede1ad90db6b9e7f8a747e4455a54b26,infra/group_vars/morpheus.yaml_(Other)_
8ad16b2c25f3ba2a858ed6eb341b4fc484316da0,infra/ansible.cfg_(Other)_,infra/makefile_(Other)_
fca4e88deed7c3e3ccd65ae825706314b93e4284,infra/group_vars/morpheus.yaml_(Other)_,infra/roles/ktz-plexmetamanager/files/movies.yml_(Other)_,infra/roles/ktz-plexmetamanager/tasks/main.yml_(IaC)_,infra/roles/ktz-plexmetamanager/templates/config.yml.j2_(Other)_,infra/run.yaml_(Other)_,infra/vars/vault.yaml_(Other)_
e36eb2c83bd82fd4b969ea7cd1cb64259c1d3589,infra/dev/traefik/docker-compose.yaml_(Other)_
1f0551ae5bd0909b502474e1c4eaa63b7e988fd9,infra/group_vars/morpheus.yaml_(Other)_,infra/vars/vault.yaml_(Other)_
e4f2d7ddce5ecc64d45640b3173011d6e960b9fe,infra/group_vars/cloud.yaml_(Other)_,infra/group_vars/morpheus.yaml_(Other)_,infra/makefile_(Other)_,infra/run.yaml_(Other)_,infra/vars/vault.yaml_(Other)_
d6c8acceeaa60ef791b8177f0737505ea2823bdc,infra/group_vars/morpheus.yaml_(Other)_
a59a3ad0c1ca124316b548d1e53600182fef05ad,infra/group_vars/morpheus.yaml_(Other)_
283b3ada86d16d9a041b4621c65cddd5868478ed,infra/group_vars/morpheus.yaml_(Other)_
1db69799c22b281c1dccac163eb8918a3a2e79de,infra/group_vars/morpheus.yaml_(Other)_
ba4fdd422d44cfa875c78533a7d1c87540e04c21,infra/group_vars/morpheus.yaml_(Other)_
990c1b90dbfb5c356ea94048648839098b9b3363,infra/group_vars/morpheus.yaml_(Other)_,infra/vars/vault.yaml_(Other)_
02243c2e86974b292dab31c6b543d8dd496f984f,infra/group_vars/morpheus.yaml_(Other)_
aced933b9ecb1d4c9f161e70a81c15345ee95986,infra/group_vars/morpheus.yaml_(Other)_,infra/roles/ktz-authelia/templates/configuration.yml.j2_(Other)_,infra/roles/ktz-traefik/templates/rules.yaml.j2_(Other)_,infra/vars/vault.yaml_(Other)_
d75076860d84a2054d88cc5f78c2815e7e05da26,infra/group_vars/galgatebst.yaml_(Other)_,infra/makefile_(Other)_,infra/run.yaml_(Other)_
5a619110e85ae6a584ad8438d5a00fc6864133f9,infra/group_vars/morpheus.yaml_(Other)_
c471ac3931ca9c3882aba10594fbcd10f2c14e2a,infra/group_vars/morpheus.yaml_(Other)_,infra/vars/vault.yaml_(Other)_
57f1813bd68ed2ea605f990903217b9eeabcb00f,infra/group_vars/morpheus.yaml_(Other)_
9bcbf131731ddd855147535e0e7a19b7a03ad092,infra/roles/ktz-traefik/templates/rules.yaml.j2_(Other)_
19cde73a1e9d17b833b74404ba98814263f460fe,infra/roles/ktz-traefik/templates/rules.yaml.j2_(Other)_
72b9b5ac435ac51a12b4b5960ad097cd32cce8b8,infra/group_vars/morpheus.yaml_(Other)_
5753ad0ded9481b10728490fba41c47bdd5cc74b
447eea25c4c8cccd41aae67f85601963fa4d664c,infra/group_vars/elrond.yaml_(Other)_,infra/makefile_(Other)_,infra/run.yaml_(Other)_,infra/vars/vault.yaml_(Other)_
ddb8235d7c1dec479f94a264422e379633f862b6,infra/group_vars/morpheus.yaml_(Other)_,infra/vars/vault.yaml_(Other)_
b848c8693040e103ab4d9d647170a371f53f29b9,infra/group_vars/morpheus.yaml_(Other)_
5acdbc6e0f55f69d2812b8b0b6b301656b62918b,infra/group_vars/morpheus.yaml_(Other)_,infra/vars/vault.yaml_(Other)_
6d20cf6b5302aba7e1c27e4c4a9121e66e21c9b7,infra/group_vars/morpheus.yaml_(Other)_
c22da488012e96d15ca8689d05efc9f06f7de093,infra/group_vars/morpheus.yaml_(Other)_
45bff93c0b4dc4b69173d05bdf919479d7b1fc38,infra/group_vars/morpheus.yaml_(Other)_
a2d00e7d8335bd22a192a1d46cab58c399f95118,infra/group_vars/morpheus.yaml_(Other)_
2f33e5344daafb7b80d9ef930da6d51774dd9781,infra/group_vars/morpheus.yaml_(Other)_
75b32b92b311cd40088a79f8593f437052cf7a12,infra/group_vars/morpheus.yaml_(Other)_
c8246f4a8c61be9ff624417a7f6b881638364358,infra/group_vars/morpheus.yaml_(Other)_
0d7939a9c0248ae2be35ff43b9f5ecbb2a10e090,infra/group_vars/morpheus.yaml_(Other)_,infra/roles/ktz-cartman/tasks/disks.yml_(IaC)_
beee73259b83de859fb0777681f9edf35c07c9a3,infra/group_vars/morpheus.yaml_(Other)_
16f1177dd365825c00b2a8e8d9c82cdc47e1874e,infra/group_vars/morpheus.yaml_(Other)_
70a5cea526bc4a7aecb93369ead95a8e54b985ac,infra/vars/vault.yaml_(Other)_
c6f5202c6e9ec968d1844162440bdaa12afdac56
17af848f4bb9fcb1ac025b1d14fd51bf55b2523f,infra/group_vars/morpheus.yaml_(Other)_
18afa3d41ec41765b4ff279dec9082a5c23fb8ac,infra/group_vars/morpheus.yaml_(Other)_
32f2aa0c56a4abad067f71bce99cd4ed32a9be56,infra/group_vars/morpheus.yaml_(Other)_
d86eaec107cf001cebcd0b6bd5da36e49c3f5248,infra/group_vars/morpheus.yaml_(Other)_,infra/vars/vault.yaml_(Other)_
973c09c8c7f00b3259d757929f379e80e54e536c,infra/roles/ktz-cartman/defaults/main.yml_(Other)_
562947c3faacba4d63dbe9cc778aefe68d1f1a8d,infra/group_vars/elrond.yaml_(Other)_
cf3c549940f18a7f884041b08ce133a128b39b42,infra/group_vars/elrond.yaml_(Other)_
a45f90b5a1bb106ddabe49a49747c1240cbf53b7,infra/group_vars/elrond.yaml_(Other)_
a1d2c435b31c61e987420756ceba790ac230de42,infra/files/autorestic/morpheus.autorestic.yml_(Other)_,infra/group_vars/morpheus.yaml_(Other)_,infra/roles/ktz-autorestic/defaults/main.yml_(Other)_,infra/roles/ktz-autorestic/tasks/configure.yml_(IaC)_,infra/run.yaml_(Other)_,infra/vars/vault.yaml_(Other)_
773b287fc7c52914a782f73a740f3951967ac658,infra/roles/ktz-autorestic/tasks/main.yml_(IaC)_
bf6b70a801566d653a0d89dd4a3ed0248ce7fe16,infra/group_vars/elrond.yaml_(Other)_
2bb0ec023d19106eed31b0c7f6841769b0e5f88e,infra/group_vars/morpheus.yaml_(Other)_
30c2359cda0fe44d28cc68a4bfcfd0a4e07e8fae,infra/vars/vault.yaml_(Other)_
fc1a6899ba02ebd83b5393641deca1812fc90e2c,infra/roles/ktz-autorestic/tasks/install.yml_(IaC)_,infra/roles/ktz-autorestic/templates/autorestic.yml.j2_(Other)_
9faf35a0d48116b06bfcc1be9139a20a1079ae49,infra/group_vars/elrond.yaml_(Other)_
f9ebd5fdcdead4d6e0c02d5d69790befa4666043,infra/group_vars/elrond.yaml_(Other)_
b6d41d06b24153f5ec752112d7a5da55ca4cbd3f,infra/group_vars/morpheus.yaml_(Other)_
bc831f4f250eb12c2ed6965f92b786b77667d7f1,infra/group_vars/vpnwd.yaml_(Other)_,infra/makefile_(Other)_,infra/run.yaml_(Other)_
7410446bb37d318d18fb58efddbc14ab74387284,infra/group_vars/pennywise.yaml_(Other)_,infra/makefile_(Other)_,infra/run.yaml_(Other)_
221f51e249544015a2e86896205d22e6c007bdc3,infra/group_vars/morpheus.yaml_(Other)_
408cadd0b6b90cc31169279adbaca43fbe3202d7,infra/group_vars/morpheus.yaml_(Other)_
6fd6c7ab95d30416fc330d5d6121bdcad31aaedb,infra/group_vars/morpheus.yaml_(Other)_,infra/roles/ktz-traefik/templates/rules.yaml.j2_(Other)_
ec1a3dad84fd51025212348eb66b095738bc9565,infra/files/frigate/frigate.yml_(Other)_
7c5d2701471e971a150c39a32454126b3050e8e0,infra/group_vars/morpheus.yaml_(Other)_
71bb56bea3ff670833e9e26873a13991369e8ca0,infra/group_vars/morpheus.yaml_(Other)_
465abc71d00cbea089e880877441a023a6105413,infra/files/autorestic/morpheus.autorestic.yml_(Other)_,infra/group_vars/morpheus.yaml_(Other)_
e651da18def63b81d85aa1979e0a91b1c8dc867c,infra/group_vars/pennywise.yaml_(Other)_,infra/run.yaml_(Other)_
959abd0d5a2824093551eb7f98d6dbf78daf3c1b,infra/group_vars/pennywise.yaml_(Other)_
9cd7585dbbbc6e3e10ae0b9712a1d4d7f7a60859,infra/group_vars/pennywise.yaml_(Other)_
5f1282331dd2c15b543e1798f09ccd4522133fee,infra/group_vars/pennywise.yaml_(Other)_
7f62fd5f636ff497297559c31c36d4c5c57ef34b,infra/group_vars/morpheus.yaml_(Other)_
5471373c895cc2aa297dd983925ad49125f183aa,infra/group_vars/pennywise.yaml_(Other)_
0a05f7886ede44dc8e2cb2369027d4eb644e079d,infra/group_vars/pennywise.yaml_(Other)_
e8877e56b3db532c349e3d2c77e63e42de2ff78c,infra/vars/vault.yaml_(Other)_
6ea0aba1d5e642501060700178c3ada7c5915da3,infra/group_vars/elrond.yaml_(Other)_
74272ef182fa198646b1df2cb70d8991f020b6cd,infra/group_vars/elrond.yaml_(Other)_
450e38a66bb0e00c0b083a49b26ba6afce2e331c,infra/group_vars/morpheus.yaml_(Other)_
1306438ed701999e5cdf889215e532321f0671d9,infra/vars/vault.yaml_(Other)_
a0c623082e62bc5b7b478a35c0dc4e773c0476dc,infra/group_vars/pennywise.yaml_(Other)_
55cfa22a8a9da27d2c1675c09f9ccf181d0086e1,infra/files/autorestic/morpheus.autorestic.yml_(Other)_,infra/group_vars/elrond.yaml_(Other)_,infra/group_vars/morpheus.yaml_(Other)_,infra/run.yaml_(Other)_,infra/vars/vault.yaml_(Other)_
6a14d38f792de7ca5e7168fdf5ffcf5e0e8f1cd0,infra/group_vars/morpheus.yaml_(Other)_
ef7c74f51dfd0d845e14740b2a1f6a1fb72c3339,infra/group_vars/morpheus.yaml_(Other)_
2ad5d1edb8ec0411d06bd0f61e35cd9cbd83941e
9ecd9f0e34beb14fdead3021410814edf8f664ed,infra/group_vars/morpheus.yaml_(Other)_,infra/roles/ktz-traefik/templates/traefik.yaml.j2_(Other)_
6fb1245ee321256b3c05291f22f2d9e594a762b6,infra/group_vars/backup.yaml_(Other)_,infra/makefile_(Other)_,infra/run.yaml_(Other)_
52a3bac970b23f309280d6f513724f2f6ca6d8cc,infra/group_vars/morpheus.yaml_(Other)_,infra/run.yaml_(Other)_
d7a23e87c750869d65e515b84ffdfd499fa7132e,infra/roles/ktz-plexmetamanager/files/movies.yml_(Other)_,infra/roles/ktz-plexmetamanager/templates/config.yml.j2_(Other)_,infra/vars/vault.yaml_(Other)_
ed04cf8511acefd0b3932759e1453fb79239ebb9,infra/group_vars/backup.yaml_(Other)_
07b2941c117bc36466990f8e33341173d40ec68c,infra/group_vars/morpheus.yaml_(Other)_
69d9d6f3fa5ca47326ee4df3ba21bfa6a534e035,infra/group_vars/morpheus.yaml_(Other)_
57ad55fa66fca5facc4ff5d8d4b522609553ecc5,infra/group_vars/morpheus.yaml_(Other)_
eeb326e65ba36303bcae773a33b3775044338b01,infra/files/autorestic/morpheus.autorestic.yml_(Other)_
3bb74143fe6ae3e90cb6e1d5e6a6141d1bd5450a,infra/group_vars/morpheus.yaml_(Other)_
54c42c469aec2a5c2cb6038ab2cf94f947a69bc3,infra/group_vars/morpheus.yaml_(Other)_
b0f271eeac3dcf516f1e72141901a8200da6173e,infra/group_vars/morpheus.yaml_(Other)_
781dad5500d02268a5050b71f8fa7afee8e798d5,infra/group_vars/elrond.yaml_(Other)_
d32abd004a8a81383361d4942bc8f94b6e94f994,infra/roles/ktz-authelia/templates/configuration.yml.j2_(Other)_
ac78c08843dbad21160cc2ff48abbb03a8555ee9,infra/group_vars/morpheus.yaml_(Other)_,infra/vars/vault.yaml_(Other)_
77aaaf62fddc2d119d4f2eb439d039cb800a4573,infra/group_vars/morpheus.yaml_(Other)_
145efd7b1637576d08178b9392f51419cf8b2108,infra/group_vars/morpheus.yaml_(Other)_
fdf414da550a90ff2e285588b7ecffad69b45ff2,infra/group_vars/anton.yaml_(Other)_,infra/group_vars/backup.yaml_(Other)_,infra/makefile_(Other)_,infra/run.yaml_(Other)_,infra/vars/vault.yaml_(Other)_
04e6bb17e1eb29f1691acbae903f2aeb62d8bc2c,infra/group_vars/anton.yaml_(Other)_,infra/run.yaml_(Other)_
b6a0550a5d00891d27e89dca775b91c1ca391433,infra/group_vars/morpheus.yaml_(Other)_
0c61857f0390904a6630fe8dde704ee25ace400b,infra/vars/vault.yaml_(Other)_
7bb68ce8c914a5d38aeb00aea58f579613b8b1ff,infra/group_vars/morpheus.yaml_(Other)_,infra/vars/vault.yaml_(Other)_
50c9483c77ccc4bf9e1f91c3f63bfaf115127abd,infra/group_vars/morpheus.yaml_(Other)_
3f7d419c08f2f1b2ec29910a913da888a933ab96,infra/group_vars/morpheus.yaml_(Other)_
4ad1269c8b069bd9418fb04efd0ea8c5257d8269,infra/group_vars/morpheus.yaml_(Other)_
a156fad24477a2c8dd3b65f676d852af6870e506,infra/group_vars/morpheus.yaml_(Other)_
c000b2d830ffdd839c0ebbf2895a60a788f37e0c,infra/files/sanoid/sanoid-morpheus.conf_(Other)_
ffeb87d89c1aca2ca4822ef5134a774103585b3e,infra/group_vars/morpheus.yaml_(Other)_
22c5da1b8a4751ca1bf5081eb79f5f82bcec82b2,infra/roles/ktz-plexmetamanager/files/movies.yml_(Other)_,infra/roles/ktz-plexmetamanager/templates/config.yml.j2_(Other)_,infra/vars/vault.yaml_(Other)_
8ed61be2da65be91df3815c6fb5d6b83c6ace4c7,infra/roles/ktz-figurine/tasks/main.yaml_(IaC)_
57501f7653dff6402900115633bb593c108250ea,infra/vars/vault.yaml_(Other)_
42a897b31d1ae79120006cef542996c1b44309f0,infra/group_vars/morpheus.yaml_(Other)_
de93c3c2bf18c9675146276a1039ed085ef5f41d,infra/roles/ktz-cartman/files/etc/samba/smb.conf_(Other)_
b8e792f96258484dae759ae26e470a3d5ab66bab,infra/group_vars/morpheus.yaml_(Other)_,infra/vars/vault.yaml_(Other)_
55d5f0ed02caffc3473d190c89291791e20bca73,infra/group_vars/elrond.yaml_(Other)_
1cf91ca46572dfd80ebde35290f57d1cb39f0466,infra/requirements.yaml_(Other)_
b60e563727af904e52fefc87aabdcfc85e53509d,infra/requirements.yaml_(Other)_
81109362dcede27e046c81b0abfcd89b64b6d55d,infra/run.yaml_(Other)_
50dbebd8ea6b50b5f9e4edba2487af84d9e698b6,infra/group_vars/elrond.yaml_(Other)_
ad5ae2ca1fb3f7fcd3eca3ee7e34984f8ec1e28b,infra/files/inactive-containers/automaticmusicd.yml_(Other)_,infra/files/inactive-containers/booksonic.yml_(Other)_,infra/files/inactive-containers/deepstack.yml_(Other)_,infra/files/inactive-containers/filerun.yml_(Other)_,infra/files/inactive-containers/firefly.yml_(Other)_,infra/files/inactive-containers/frigate.yml_(Other)_,infra/files/inactive-containers/grafana.yml_(Other)_,infra/files/inactive-containers/influxdb.yml_(Other)_,infra/files/inactive-containers/photoprism.yml_(Other)_,infra/files/inactive-containers/photostructure.yml_(Other)_,infra/files/inactive-containers/prometheus.yml_(Other)_,infra/files/inactive-containers/scrutin.yml_(Other)_,infra/files/inactive-containers/tdarr.yml_(Other)_,infra/files/inactive-containers/transmission.yml_(Other)_,infra/files/inactive-containers/wyze-bridge.yml_(Other)_,infra/group_vars/morpheus.yaml_(Other)_
6d3c60498d491ff3def258196f621e9a8453984a
2ce9ee135e9904f94d5734002d1176d5479e32db,infra/vars/vault.yaml_(Other)_
3dd2bd95e1e35bd816062e60e83ac141b4454718,infra/roles/ktz-figurine/tasks/main.yaml_(IaC)_,infra/roles/ktz-figurine/templates/figurine.sh.j2_(Other)_
6eb6a44c6d382c4695b2c246cf6f00f3485e4635,infra/group_vars/morpheus.yaml_(Other)_,infra/requirements.yaml_(Other)_,infra/roles/ktz-morpheus/defaults/main.yml_(Other)_,infra/roles/ktz-morpheus/files/etc/samba/smb.conf_(Other)_,infra/roles/ktz-morpheus/files/etc/systemd/system/docker.service.d/zfs-override.conf_(Other)_,infra/roles/ktz-morpheus/files/invoiceninja/nginx-ninja.conf_(Other)_,infra/roles/ktz-morpheus/handlers/main.yml_(IaC)_,infra/roles/ktz-morpheus/tasks/disks.yml_(IaC)_,infra/roles/ktz-morpheus/tasks/docker-zfs-override.yml_(IaC)_,infra/roles/ktz-morpheus/tasks/file-sharing.yml_(IaC)_,infra/roles/ktz-morpheus/tasks/main.yml_(IaC)_,infra/roles/ktz-morpheus/tasks/telegraf-fix.yaml_(IaC)_,infra/run.yaml_(Other)_
6c41764145facb2e119bff4519daec6dba6876e3,infra/group_vars/all.yaml_(Other)_
d6922b5db8796113639542c9cde116eaf250b781,infra/files/scripts/smart-reports/smart-reports.sh_(Other)_
6a7f1bfccc8711f0743215cca8554f4537a46ad5,infra/roles/ktz_boot_notification/tasks/apprise.yaml_(IaC)_,infra/roles/ktz_boot_notification/tasks/arch-linux.yaml_(IaC)_,infra/roles/ktz_boot_notification/tasks/main.yaml_(IaC)_,infra/roles/ktz_boot_notification/templates/booted.sh.j2_(Other)_
dfed06cd7f37d6907ad780c0b598b6161f0007c3,infra/requirements.yaml_(Other)_,infra/roles/ktz_boot_notification/tasks/apprise.yaml_(IaC)_,infra/roles/ktz_boot_notification/tasks/arch-linux.yaml_(IaC)_,infra/roles/ktz_boot_notification/tasks/main.yaml_(IaC)_,infra/roles/ktz_boot_notification/templates/booted.sh.j2_(Other)_,infra/run.yaml_(Other)_
ef74a4fb62ee304e6577ced816cba050df5eda02,infra/run.yaml_(Other)_
2fd1bc933e7d1f68b174ede2ffa91bd80fa5d387,infra/group_vars/anton.yaml_(Other)_
01de105da1a8a485f235f1bb4bb1c9332f5919a5,infra/group_vars/morpheus.yaml_(Other)_
e82e6950218589d10ccd846b39141eec251a400d,infra/requirements.yaml_(Other)_,infra/run.yaml_(Other)_,infra/vars/vault.yaml_(Other)_
2179db4320c2ee43f02e33c5cc7fd25af477fd1b,infra/group_vars/morpheus.yaml_(Other)_
95175eaac1406708e5e55090904247a9b54c6cf1,infra/group_vars/morpheus.yaml_(Other)_
898f0d0d8da5a1f8092c296c1a1d02c5d1b20534,infra/run.yaml_(Other)_
afaa305b7ac398463ee6105f1f16056bb7b2a8ac,infra/group_vars/morpheus.yaml_(Other)_
55899a78b7b50785acebba26509f74db07081347,infra/roles/ktz-morpheus/files/etc/samba/smb.conf_(Other)_
7f856449477223e2d21ab82828dc8fe1bf6e4b24,infra/ansible.cfg_(Other)_,infra/bw-vault.sh_(Other)_,infra/makefile_(Other)_,infra/vars/vault.yaml_(Other)_
6b3adc450ad8ca323cee1c93826a5202575ccc0e,infra/files/inactive-containers/tube-archivist.yml_(Other)_
30778fac446154cdbe6355e8647bd78f0aa8ef2e,infra/group_vars/morpheus.yaml_(Other)_
ed607879ca0c8d2adb94722c7af495845fed4051,infra/group_vars/morpheus.yaml_(Other)_
fbb514a090b6ad4b7051537c231382e0547e85d1,infra/group_vars/morpheus.yaml_(Other)_
fc10db7124be7162cd3efc3db3a809b8a4d698f0,infra/group_vars/morpheus.yaml_(Other)_
1db31041ba347713a56eda6176a251e7fd0bc63d,infra/group_vars/morpheus.yaml_(Other)_
987c1a49f14cd3d8aeaadd6f355ba4fa210d44f6,infra/files/scripts/filelisting.sh_(Other)_
086fbbf050b70de6b65f1a37fcf65e23ea14120a,infra/requirements.yaml_(Other)_,infra/run.yaml_(Other)_,infra/vars/vault.yaml_(Other)_
8e0640d6952547cda908277ca73b5084213a8fbe,infra/roles/ktz-traefik/templates/rules.yaml.j2_(Other)_
cbd83869913492ad6f4c3b697c202ecf621261f0,infra/group_vars/pennywise.yaml_(Other)_
5431912452377856e1cbae5a4a1d1ed99a2ff929,infra/group_vars/morpheus.yaml_(Other)_
131aa174e93b8d47867373dbb27a116115fe9aa0,infra/ansible.cfg_(Other)_,infra/group_vars/cloud.yaml_(Other)_,infra/vars/vault.yaml_(Other)_
5f73177e5a3c777163f292ff0d3a5e20372ddaf4,infra/group_vars/morpheus.yaml_(Other)_,infra/group_vars/pennywise.yaml_(Other)_
5da7d59261ca598a3f2f06bbbcb5fdea70e8217f,infra/ansible.cfg_(Other)_
be1f750f3ddf6f6826b16a7839e4637b8297903f,infra/files/traefik/traefik.yaml_(Other)_
376b56568b98265c2beb7aeb9d4bea2ccab25621,infra/vars/vault.yaml_(Other)_
9da736b0aa5bdf5a28510513f92f3aec126257a2,infra/group_vars/morpheus.yaml_(Other)_
f87f1d54c8d1260f8df2e507f74241a4e44aa7d6,infra/group_vars/morpheus.yaml_(Other)_
b3279f467657577e23afa4ddd97ed220ba447f0a,infra/roles/ktz-traefik/defaults/main.yaml_(Other)_,infra/roles/ktz-traefik/templates/traefik.yaml.j2_(Other)_
9274771b21114df652d46bcf5bf71b44f915febe,infra/group_vars/morpheus.yaml_(Other)_
911feaaf289614a833e9216623117b8f34994c23,infra/group_vars/morpheus.yaml_(Other)_
eefb6040efba1fb353740af56cd7327453547f51
34e859ab738849c24ff1fefec236b4711721964e,infra/run.yaml_(Other)_
ec1159066df47b0649c5f1c2791c2dc7b52223ae,infra/group_vars/cloud.yaml_(Other)_,infra/run.yaml_(Other)_,infra/vars/vault.yaml_(Other)_
e2c54711734f14be8e257e518b7c2fee69be533d,infra/group_vars/cloud.yaml_(Other)_
a64df39a3d01f9d4794ea649d2b883114b0b44e0,infra/group_vars/cloud.yaml_(Other)_
4026a3d2c86acf9b2518bbca5dd62f1c6f4abce1,infra/group_vars/cloud.yaml_(Other)_
3b16ddf61925d18928905204f8a80a7a115d3f00,infra/update.yaml_(Other)_
c7a2ad5d7de53ddc5d8cec8898e4e2a23d238e47,infra/files/traefik/traefik.yaml_(Other)_
6d17fc83a8f425d049f3b4103734ce292310e4f0,infra/makefile_(Other)_,infra/roles/ktz-opnsense-caddy/defaults/main.yaml_(Other)_,infra/roles/ktz-opnsense-caddy/handlers/main.yaml_(IaC)_,infra/roles/ktz-opnsense-caddy/tasks/configure.yaml_(IaC)_,infra/roles/ktz-opnsense-caddy/tasks/install.yaml_(IaC)_,infra/roles/ktz-opnsense-caddy/tasks/main.yaml_(IaC)_,infra/roles/ktz-opnsense-caddy/templates/Caddyfile.j2_(Other)_,infra/run.yaml_(Other)_,infra/vars/vault.yaml_(Other)_
19fcf8c4593fbf4a24524b085d9fc83dea065328,infra/roles/ktz-opnsense-caddy/templates/Caddyfile.j2_(Other)_
ac993b53967b15e69031f8dced9c53a80d7112b4,infra/group_vars/morpheus.yaml_(Other)_
a2c17b7ef3357f3fd4479b4f4b2f386f0f496a85,infra/roles/ktz-morpheus/files/etc/samba/smb.conf_(Other)_
a317e772802ee241a344f551bdabf6ac2a8c8e60,infra/roles/ktz-opnsense-caddy/templates/Caddyfile.j2_(Other)_
c84538235a450ec6626331bb78e82eab6c68bb69,infra/group_vars/morpheus.yaml_(Other)_
455bbdc3c6e32674a096c6176b9ec996d043f1e2,infra/group_vars/anton.yaml_(Other)_,infra/group_vars/pennywise.yaml_(Other)_
15e716b4ce280f00515b9f97f25d7dbe82a06531,infra/group_vars/anton.yaml_(Other)_,infra/group_vars/morpheus.yaml_(Other)_,infra/group_vars/pennywise.yaml_(Other)_
78549dc807d7335cf9fceb830871f46d6deb6062,infra/group_vars/morpheus.yaml_(Other)_,infra/vars/vault.yaml_(Other)_
3df55365b659a604071134d36003c6ed213ab018,infra/group_vars/morpheus.yaml_(Other)_
3413d6542ce679889e25d902812f438e7e3546b8,infra/group_vars/pennywise.yaml_(Other)_
87f3e7c5d22d86729cc183eb5d33abaef1680ee3,infra/group_vars/pennywise.yaml_(Other)_
ca7413c2fb8ad9b2b811b465d20909a62c5c5ee4,infra/roles/ktz-morpheus/files/etc/samba/smb.conf_(Other)_
6d84a5b44e868153ccd8f9ca3a22c163d64fcc2c,infra/group_vars/morpheus.yaml_(Other)_
d114f5d245dbfed19a0b99571678c5eeedee2d68,infra/group_vars/morpheus.yaml_(Other)_
a031b352346b7cb02a54c8f08665a25eeabb3c80,infra/group_vars/morpheus.yaml_(Other)_
21503067a048a56cb4fc1ae8dfc9289b645a81c6,infra/group_vars/morpheus.yaml_(Other)_
7b34364521720cd220935e68c5d870bdee2ce9a3,infra/group_vars/morpheus.yaml_(Other)_
477d08fa348943efb34a3f632b6f40c2d4f1b029,infra/group_vars/morpheus.yaml_(Other)_
33ca66db9fc90afd19111c6781fcdf4312b1e1aa
af71835480ead3ef1cb58e2f4f87e37d59841158,infra/dev/px-terraform/uno-dos-tres/cluster-udt.tf_(Other)_,infra/dev/px-terraform/uno-dos-tres/provider.tf_(Other)_
73c9f6e6a26897c8866f0d6b44986d321b113750,infra/group_vars/morpheus.yaml_(Other)_
f51ed5fb9430effadc56dd52fa1bb363efa79291,infra/makefile_(Other)_,infra/run.yaml_(Other)_
309b7d0266c12948ec1832c7b017fe8ece178558,infra/dev/px-terraform/uno-dos-tres/cluster-udt.tf_(Other)_,infra/dev/px-terraform/uno-dos-tres/example.auto.tfvars_(Other)_,infra/dev/px-terraform/uno-dos-tres/provider.tf_(Other)_
49a6e6d27973f76e4d54125893a3daff4e71d0c8,infra/dev/px-terraform/uno-dos-tres/cluster-udt.tf_(Other)_,infra/dev/px-terraform/uno-dos-tres/example.auto.tfvars_(Other)_,infra/dev/px-terraform/uno-dos-tres/provider.tf_(Other)_
30a85d8cdd58dafdbc7b330604c8f37f915d06a8,infra/dev/px-terraform/uno-dos-tres/cluster-udt.tf_(Other)_
e2a112183c43b4dafc89573bca4b7150eff587e0,infra/dev/px-terraform/uno-dos-tres/cluster-udt.tf_(Other)_
4d4aeb0c529cc0a6882838c921c83201a0a2051d,infra/roles/k3s/longhorn/tasks/main.yml_(IaC)_
19897dc4e75ee243973c5b045a14349ecd0b3678,infra/roles/ktz-traefik/templates/traefik.yaml.j2_(Other)_
d1e11745b1874eba48fa63ee82b916da72bf739c,infra/group_vars/morpheus.yaml_(Other)_
8731e6d7aa9c15d8ab0155e8e4d77378f3c40e69,infra/roles/ktz-dhcp-dns/tasks/duplicate_checks.yaml_(IaC)_
5caf025a96664ad4cf0e5c77ac95380d4c6073b0,infra/group_vars/dhcp-dns.yaml_(Other)_
65cfb55892de15be2c0178d106fc53116651fa19,infra/roles/ktz-dhcp-dns/tasks/duplicate_checks.yaml_(IaC)_
09a9c9979efe0f3fee8e64db77f160768e9b1248,infra/roles/ktz-dhcp-dns/tasks/duplicate_checks.yaml_(IaC)_
d4709b9e98f9136721823f7d2886b1ef3f02d670,infra/roles/ktz-dhcp-dns/tasks/duplicate_checks.yaml_(IaC)_
d57e901a1e58b81e03c78c70f86b7b6956f269c8,infra/filter_plugins/duplicate_filter.py_(Other)_,infra/roles/ktz-dhcp-dns/tasks/duplicate_checks.yaml_(IaC)_
eca54373458b8d17b9ac6a2ec150f4c5454ae87e
12a88bc4323fc3cf9b015e8a0cfaf4fb611885c6,infra/roles/ktz-dhcp-dns/tasks/duplicate_checks.yaml_(IaC)_
aea53b086da3c323c4208177e5e4582de280d550,infra/group_vars/dhcp-dns.yaml_(Other)_
a87987a94fed428abdd7a67e4882b392096a373c,infra/roles/ktz-caddy/templates/Caddyfile.j2_(Other)_
279716a5a01ed625fd3a6122da0f140f9ad415ee,infra/group_vars/dhcp-dns.yaml_(Other)_
9fcbed6dfd18be3adf2edfb178999cf3f2eb1ab9,infra/group_vars/dhcp-dns.yaml_(Other)_
b214c5ba878f8fc675a21351ea32368845d94af3,infra/group_vars/dhcp-dns.yaml_(Other)_
f132fae6a6a7a324469b7ea8e8d561fa9c645d4d,infra/roles/ktz-dhcp-dns/templates/pihole-setupVars.conf.j2_(Other)_
b3c7e640e3010dd077c6b25e57974ea15b60749c,infra/run.yaml_(Other)_
e2fc192c8bf70d0c7d787bcc108282a0a1c69638,infra/group_vars/dhcp-dns.yaml_(Other)_
8e3d122eab4f56d24e4f7e148ba6f8df88c64007,infra/group_vars/dhcp-dns.yaml_(Other)_,infra/roles/ktz-caddy/templates/Caddyfile.j2_(Other)_
2e3c618e6c901924439861c18436e1b09943c5d6,infra/group_vars/dhcp-dns.yaml_(Other)_,infra/makefile_(Other)_,infra/run.yaml_(Other)_
1dd098863aa9f66f9dbc2d237f5c73f29aafd040,infra/group_vars/dhcp-dns.yaml_(Other)_
ac95e835f22c6504291274bae68bde3bf35a10f0,infra/group_vars/dhcp-dns.yaml_(Other)_
72c92b225d53820a72214676e6335f31ff3fcd7d,infra/group_vars/dhcp-dns.yaml_(Other)_
7acc044cd898a9c8471cd77810145c0aedebf68b,infra/group_vars/dhcp-dns.yaml_(Other)_,infra/group_vars/morpheus.yaml_(Other)_,infra/group_vars/tailscale.yaml_(Other)_,infra/makefile_(Other)_,infra/run.yaml_(Other)_,infra/vars/vault.yaml_(Other)_
ef16043a0202f72293278a5d3a43c3eb3828c85f,infra/makefile_(Other)_,infra/run.yaml_(Other)_
32245d4ca23f8c4108355dc9bc0056850af134ae,infra/group_vars/dhcp-dns.yaml_(Other)_
be3194b89166e201ab349c4b8ccee22d23c440db,infra/group_vars/dhcp-dns.yaml_(Other)_
f458bc0d0790ff7e32bef4a053f28a0370e8f57f,infra/group_vars/morpheus.yaml_(Other)_
f9fa5e23da60f299ce064f314429c9057f35708b,infra/group_vars/morpheus.yaml_(Other)_
4508c421224755bb1730230809fbddc59d0d6603,infra/group_vars/dhcp-dns.yaml_(Other)_,infra/roles/ktz-caddy/tasks/install.yaml_(IaC)_,infra/roles/ktz-caddy/tasks/main.yaml_(IaC)_,infra/roles/ktz-dhcp-dns/templates/pihole-setupVars.conf.j2_(Other)_
34343e4658da4ef9d68b1c150ed33cc7007247a8,infra/roles/ktz-caddy/templates/Caddyfile.j2_(Other)_
bb6abf5706b64f7fc4e5ffd84a4c20c1dab2c701
a0ffb535579430adb8076962a7e601f3288a2f24,infra/group_vars/dhcp-dns.yaml_(Other)_
d9f894e389473f74ae3fa091a06b2637a96538a9,infra/group_vars/dhcp-dns.yaml_(Other)_,infra/roles/ktz-caddy/templates/Caddyfile.j2_(Other)_,infra/run.yaml_(Other)_
6924cbb7e75ef8bd73e48190e64d71c083e2a294,infra/roles/ktz-morpheus/files/etc/samba/smb.conf_(Other)_
dd545455b27c8d00473406e957eef1f194f8702e,infra/group_vars/morpheus.yaml_(Other)_
ea46b0078c32acff4214c652a2f09fa31cd6a8d2,infra/roles/ktz-caddy/templates/Caddyfile.j2_(Other)_
a880dd0f531156a4daadbeacc3ae19925f44e277,infra/group_vars/dhcp-dns.yaml_(Other)_
0e843831056a21cad1d0c3f017ff1fdc3e6c636d,infra/group_vars/morpheus.yaml_(Other)_
dc1e1899a61377e928894186503946c95ace7cf7,infra/group_vars/cloud.yaml_(Other)_
898d15c124caa5d85ce888f3707b411cd0c675c5,infra/group_vars/dhcp-dns.yaml_(Other)_
d3e589fc8844d08a91a5a6101b7e0ab403efca6f,infra/group_vars/dhcp-dns.yaml_(Other)_
39afd011b1f01aa5f995b0f76da7169d684502fa,infra/group_vars/dhcp-dns.yaml_(Other)_
0331231531b211a634d113ca156e4346b486b2d8,infra/roles/ktz-caddy/tasks/install.yaml_(IaC)_
4e1e4b0c93744089aca9e97ed7b93b69b558539f,infra/roles/ktz-dhcp-dns/tasks/template.yaml_(IaC)_,infra/roles/ktz-dhcp-dns/templates/pihole-dhcp.conf.j2_(Other)_
d08a79289944e1adec76c13c9e2817fb2f215f68,infra/group_vars/dhcp-dns.yaml_(Other)_
cb6396ce4569c6282a9a3a970c20fd690d3487e9,infra/makefile_(Other)_
0d70f9160ea112f557c3653412171bd4227de1fb,infra/justfile_(Other)_
5eb8aaace1a22e9fb914979456c08ec8846f6bda,infra/vars/vault.yaml_(Other)_
ef3cc2c584d64175792b942e24d9910405011cf9
42953a76004f90807343724f28dd3c708d878419,infra/group_vars/dhcp-dns.yaml_(Other)_,infra/group_vars/dhcp.yaml_(Other)_,infra/run.yaml_(Other)_
180e939f2fd30cb0c8fc075010ccd7b2866b9c2f,infra/roles/ktz-caddy/templates/Caddyfile.j2_(Other)_
fb972d7bbae6986c72a309f9896ed3bb9244bc2b,infra/roles/ktz-dhcp-dns/defaults/main.yaml_(Other)_,infra/roles/ktz-dhcp-dns/handlers/main.yaml_(IaC)_,infra/roles/ktz-dhcp-dns/tasks/main.yaml_(IaC)_,infra/roles/ktz-dhcp-dns/tasks/pi.yaml_(IaC)_,infra/roles/ktz-dhcp-dns/tasks/template.yaml_(IaC)_
83006411c74d69449d140bcce1193cbbd57a859e,infra/group_vars/unifi.yaml_(Other)_
3fdb32302d2782c43a0733d9b2992e82890a7d45,infra/group_vars/pihole.yaml_(Other)_
f877731d693edd020dd4ae6eb46a70931d9b3719,infra/group_vars/morpheus.yaml_(Other)_
c42805c4a771f54c79987ae0fd3042f0375437ef,infra/group_vars/all.yaml_(Other)_
bc1f6fb4a5ef34c89bf3460336b86d9bf744417a,infra/group_vars/pihole.yaml_(Other)_,infra/roles/ktz-caddy/templates/Caddyfile.j2_(Other)_,infra/run.yaml_(Other)_
40f753d9e10f7ab2943e487e540c289ca1b169e6,infra/group_vars/pihole.yaml_(Other)_
ced4a5f7b91eed243ef77e8d727046b9007d2c41,infra/files/sanoid/sanoid-morpheus.conf_(Other)_
5c65848429312a187d1ee15244cba1ba8a1d53aa,infra/files/sanoid/sanoid-morpheus.conf_(Other)_,infra/group_vars/morpheus.yaml_(Other)_,infra/roles/ktz-authelia/tasks/main.yml_(IaC)_,infra/roles/ktz-traefik/tasks/main.yaml_(IaC)_
9c5a307d6d8ae9cadb6ff2b88b499d71824502d9,infra/group_vars/pihole.yaml_(Other)_
df426aed0714ad3c1e5d5ea50de430be6567d953,infra/group_vars/morpheus.yaml_(Other)_
8a33bd04f1b25988bbdef9da14550ecd117dcadb,infra/group_vars/cloud.yaml_(Other)_
730bf1d8bdc8ce1ec6ef1df83b5d2a575ae4e375,infra/group_vars/pihole.yaml_(Other)_
81ffbccef5b7abd0c6d6d05f797d7ea375f378a1,infra/group_vars/pihole.yaml_(Other)_
d046a82d0861764f01c3b3d3cb95ac1cbb862828,infra/group_vars/morpheus.yaml_(Other)_
b3fd8a8a16b8ee2faff061ab02243cd17614715e,infra/group_vars/pihole.yaml_(Other)_
1fbacb6b0291f221f66a6b8dc8bdc1fd279ff30b,infra/group_vars/all.yaml_(Other)_,infra/group_vars/zoidberg.yaml_(Other)_,infra/run.yaml_(Other)_
8cdc953b9c016d33f9e2f650bdc6ceddd0211006,infra/group_vars/pihole.yaml_(Other)_
d87b6158f074e2591287a49b9952c0b780810fa8,infra/roles/ktz-htop/files/htoprc_(Other)_,infra/roles/ktz-htop/tasks/main.yml_(IaC)_,infra/run.yaml_(Other)_
8ac4e8216599bd0fc666ce906c05cfbb711287bc,infra/group_vars/all.yaml_(Other)_,infra/roles/ktz-caddy/tasks/install.yaml_(IaC)_,infra/roles/ktz-caddy/templates/Caddyfile.j2_(Other)_
a0b158dd1e4e38814a691b87575be26e80186701,infra/group_vars/pihole.yaml_(Other)_
c68f5bcc3e4388e0e3a4bd68692daf3528fa421b,infra/group_vars/pihole.yaml_(Other)_
09d5f726871b535876921436c6f921515134122f,infra/group_vars/morpheus.yaml_(Other)_
b9c48b4562fc5c4ce30b04d400677cf671f4815c,infra/run.yaml_(Other)_
8d07c2ddfd7e72ecfae702025103add1641e525e,infra/group_vars/morpheus.yaml_(Other)_
b00d22062e936fa1ebc6cc0ccbb5f1bf5dc38625,infra/ansible.cfg_(Other)_
b7229d06bc32f0c814fe1758cde9c35fc860247c,infra/run.yaml_(Other)_
b6aef8cca8ac005a78ea2f07cdbfc5dd58e4163d,infra/group_vars/pihole.yaml_(Other)_,infra/group_vars/zoidberg.yaml_(Other)_,infra/roles/ktz-caddy/templates/Caddyfile.j2_(Other)_,infra/run.yaml_(Other)_
c06a2b08e421f2e285905649be233332efad382c,infra/group_vars/pihole.yaml_(Other)_
d90f847a102461cbf9352d0ee1d7213c20c34f29,infra/files/smokeping/Targets_(Other)_,infra/group_vars/pihole.yaml_(Other)_
f1fa7cab53710acf9cac6076778cb579b78c14b3,infra/files/inactive-containers/wikis.yml_(Other)_
788d292e6c52b6acf7e68cdc765bab8aff756c8b,infra/group_vars/all.yaml_(Other)_,infra/group_vars/morpheus.yaml_(Other)_,infra/run.yaml_(Other)_,infra/vars/vault.yaml_(Other)_
4929d73fb597172f1c2a84f3c3adc3c751a019c0,infra/group_vars/zoidberg.yaml_(Other)_
03330ae90e8fef257ef4f50ec44a89f8711d8c38,infra/files/inactive-containers/tandoor.yml_(Other)_
77dc71c9edcc65d7210d38ee6553cbf5261ac14a,infra/group_vars/zoidberg.yaml_(Other)_
7e3e6c48cce24de77fc4863ae3be7660d4614f7b
5cb04313979e74a4c402852cf170a3c4065a0d52,infra/justfile_(Other)_
a3213d8df11e5b596a069ac89449689b6af8e6df,infra/requirements.yaml_(Other)_,infra/run.yaml_(Other)_,infra/vars/vault.yaml_(Other)_
88db0a92d11d66a8131afab5d31a9e56164a1fc3,infra/files/sanoid/sanoid-zoidberg.conf_(Other)_,infra/group_vars/all.yaml_(Other)_,infra/group_vars/anton.yaml_(Other)_,infra/group_vars/zoidberg.yaml_(Other)_,infra/roles/ktz-sanoid/defaults/main.yaml_(Other)_,infra/roles/ktz-sanoid/tasks/configure.yaml_(IaC)_,infra/roles/ktz-sanoid/tasks/main.yaml_(IaC)_,infra/roles/ktz-sanoid/tasks/replication.yaml_(IaC)_,infra/roles/ktz-sanoid/tasks/sanoid.yaml_(IaC)_
b8f50b22dc9ca95993b8161ae96c28f3bf32da61,infra/group_vars/anton.yaml_(Other)_,infra/run.yaml_(Other)_,infra/vars/vault.yaml_(Other)_
2a5c0a0282972455f2284a607c3edfcdf7a59af7,infra/roles/ktz-sanoid/defaults/main.yaml_(Other)_,infra/roles/ktz-sanoid/tasks/main.yaml_(IaC)_
d53b03ebd5956d0c387648b7cbe6ca3fdf959edf,infra/playbooks/zoidberg-updates.yaml_(IaC)_
69a338d299595f4361cf610a7d6c2f79ef5c42ea,infra/run.yaml_(Other)_
5ded8606bbe070e85f7690de91838a2e68640104,infra/group_vars/morpheus.yaml_(Other)_,infra/group_vars/unifi.yaml_(Other)_,infra/group_vars/zoidberg.yaml_(Other)_
3aac0bb27c882526b9d3d70891a8e70e31c31b0c,infra/playbooks/zoidberg-updates.yaml_(IaC)_
66fcb0ddae7e765d583083d7fe745392b95a8e42,infra/group_vars/pihole.yaml_(Other)_,infra/run.yaml_(Other)_,infra/vars/vault.yaml_(Other)_
2e953e0bcec4d1d51c8594472b1b715c912dea04,infra/group_vars/cloud.yaml_(Other)_
7666cc61d31541d7604f968302113f0175d76655,infra/group_vars/pihole.yaml_(Other)_
09d14435a56b0b933a1c07d37cb1ae181744ccfb
996bdd4031e83fbc2174308558bc8dd93952816a,infra/group_vars/pihole.yaml_(Other)_,infra/vars/vault.yaml_(Other)_
4ae8ea40bda8c006ff829e98417ae677b7a255a1,infra/group_vars/morpheus.yaml_(Other)_
abf606ddb8dd9d45441e1a568917e384a681bfd6,infra/justfile_(Other)_
f78f34f7a2d9678804a34d5069219cf0061029c4,infra/group_vars/morpheus.yaml_(Other)_
11fefd3aec0eb88a22e1cb9a08a566b92216edc0,infra/roles/ktz-dhcp-dns/tasks/template.yaml_(IaC)_
93a0aa5e854be9c57d68e8f76643cd666f05d015,infra/group_vars/pihole.yaml_(Other)_
840cfb61ae95395f5810496caeeff0070ed4b4cb,infra/group_vars/zoidberg.yaml_(Other)_
a948cdae7cbceaf90a5bf2c0fc2bf8aec06b3ab8,infra/group_vars/morpheus.yaml_(Other)_
f518e378347de828977a2fecd5c5478b26c54fbc,infra/group_vars/pihole.yaml_(Other)_
4b67cb3485f37b7d405594bf8d5086f1a6efef01,infra/group_vars/morpheus.yaml_(Other)_
